{
  "merchant_id": 1,
  "merchant_name": "AETHERIC CORE LIMITED",
  "merchant_group": "SENDS",
  "company_name": "AETHERIC CORE LIMITED",
  "kam": "Anastasiia Pervushyna",
  "contract_id": "0809-25",
  "transaction_count": 74689,
  "approved_count": 74689,
  "declined_count": 0,
  "acceptance_rate": 100.0,
  "total_amount_eur": 3641591.19,
  "total_commission_eur": 138386.8,
  "sale_count": 74689,
  "sale_amount": 3641591.19,
  "payout_count": 0,
  "payout_amount": 0.0,
  "reversal_count": 0,
  "reversal_amount": 0.0,
  "first_transaction_date": "",
  "partners": [
    "SENDS"
  ],
  "currency_breakdown": [
    {
      "currency": "EUR",
      "cnt": 0,
      "amount": 0.0
    }
  ],
  "monthly_reconciliation": [
    {
      "month": "2025-01",
      "tx_count": 0,
      "tx_amount": 0.0,
      "tx_commission": 0.0,
      "tx_effective_rate": 0.0,
      "recon_count": null,
      "recon_amount": null,
      "recon_commission": null,
      "recon_rate": null,
      "contract_rate": null,
      "amount_diff": null,
      "deviation_percent": null,
      "status": "empty"
    },
    {
      "month": "2025-02",
      "tx_count": 0,
      "tx_amount": 0.0,
      "tx_commission": 0.0,
      "tx_effective_rate": 0.0,
      "recon_count": null,
      "recon_amount": null,
      "recon_commission": null,
      "recon_rate": null,
      "contract_rate": null,
      "amount_diff": null,
      "deviation_percent": null,
      "status": "empty"
    },
    {
      "month": "2025-03",
      "tx_count": 0,
      "tx_amount": 0.0,
      "tx_commission": 0.0,
      "tx_effective_rate": 0.0,
      "recon_count": null,
      "recon_amount": null,
      "recon_commission": null,
      "recon_rate": null,
      "contract_rate": null,
      "amount_diff": null,
      "deviation_percent": null,
      "status": "empty"
    },
    {
      "month": "2025-04",
      "tx_count": 0,
      "tx_amount": 0.0,
      "tx_commission": 0.0,
      "tx_effective_rate": 0.0,
      "recon_count": null,
      "recon_amount": null,
      "recon_commission": null,
      "recon_rate": null,
      "contract_rate": null,
      "amount_diff": null,
      "deviation_percent": null,
      "status": "empty"
    },
    {
      "month": "2025-05",
      "tx_count": 0,
      "tx_amount": 0.0,
      "tx_commission": 0.0,
      "tx_effective_rate": 0.0,
      "recon_count": null,
      "recon_amount": null,
      "recon_commission": null,
      "recon_rate": null,
      "contract_rate": null,
      "amount_diff": null,
      "deviation_percent": null,
      "status": "empty"
    },
    {
      "month": "2025-06",
      "tx_count": 0,
      "tx_amount": 0.0,
      "tx_commission": 0.0,
      "tx_effective_rate": 0.0,
      "recon_count": null,
      "recon_amount": null,
      "recon_commission": null,
      "recon_rate": null,
      "contract_rate": null,
      "amount_diff": null,
      "deviation_percent": null,
      "status": "empty"
    },
    {
      "month": "2025-07",
      "tx_count": 0,
      "tx_amount": 0.0,
      "tx_commission": 0.0,
      "tx_effective_rate": 0.0,
      "recon_count": null,
      "recon_amount": null,
      "recon_commission": null,
      "recon_rate": null,
      "contract_rate": null,
      "amount_diff": null,
      "deviation_percent": null,
      "status": "empty"
    },
    {
      "month": "2025-08",
      "tx_count": 0,
      "tx_amount": 0.0,
      "tx_commission": 0.0,
      "tx_effective_rate": 0.0,
      "recon_count": null,
      "recon_amount": null,
      "recon_commission": null,
      "recon_rate": null,
      "contract_rate": null,
      "amount_diff": null,
      "deviation_percent": null,
      "status": "empty"
    },
    {
      "month": "2025-09",
      "tx_count": 0,
      "tx_amount": 0.0,
      "tx_commission": 0.0,
      "tx_effective_rate": 0.0,
      "recon_count": 0,
      "recon_amount": 0.0,
      "recon_commission": 0.0,
      "recon_rate": null,
      "contract_rate": 3.8,
      "amount_diff": null,
      "deviation_percent": null,
      "status": "empty"
    },
    {
      "month": "2025-10",
      "tx_count": 21921,
      "tx_amount": 1044534.08,
      "tx_commission": 39692.73,
      "tx_effective_rate": 3.8,
      "recon_count": 21921,
      "recon_amount": 1044534.08,
      "recon_commission": 39692.72,
      "recon_rate": 3.8,
      "contract_rate": 3.8,
      "amount_diff": 0.0,
      "deviation_percent": 0.0,
      "status": "ok"
    },
    {
      "month": "2025-11",
      "tx_count": 24520,
      "tx_amount": 1174704.29,
      "tx_commission": 44641.0,
      "tx_effective_rate": 3.8002,
      "recon_count": 24472,
      "recon_amount": 1170178.29,
      "recon_commission": 44469.01,
      "recon_rate": 3.8002,
      "contract_rate": 3.8,
      "amount_diff": 4526.0,
      "deviation_percent": 0.39,
      "status": "warning"
    },
    {
      "month": "2025-12",
      "tx_count": 28248,
      "tx_amount": 1422352.82,
      "tx_commission": 54053.07,
      "tx_effective_rate": 3.8003,
      "recon_count": 28247,
      "recon_amount": 1422341.82,
      "recon_commission": 54052.65,
      "recon_rate": 3.8003,
      "contract_rate": 3.8,
      "amount_diff": 11.0,
      "deviation_percent": 0.0,
      "status": "ok"
    }
  ]
}