{
  "merchant_id": 10,
  "merchant_name": "NOXIOUS LIMITED",
  "merchant_group": "SENDS",
  "company_name": "NOXIOUS LIMITED",
  "kam": "Anastasiia Pervushyna",
  "contract_id": "2203-24",
  "transaction_count": 1595081,
  "approved_count": 1595081,
  "declined_count": 0,
  "acceptance_rate": 0,
  "total_amount_eur": 90025541.93,
  "total_commission_eur": 676576.05,
  "sale_count": 1595081,
  "sale_amount": 90025541.93,
  "payout_count": 0,
  "payout_amount": 0.0,
  "reversal_count": 0,
  "reversal_amount": 0.0,
  "first_transaction_date": "",
  "partners": [
    "SENDS"
  ],
  "currency_breakdown": [],
  "monthly_reconciliation": {}
}