{
  "merchant_id": 10,
  "merchant_name": "NOXIOUS LIMITED",
  "merchant_group": "SENDS",
  "company_name": "NOXIOUS LIMITED",
  "kam": "Anastasiia Pervushyna",
  "contract_id": "2203-24",
  "transaction_count": 1595081,
  "approved_count": 1595081,
  "declined_count": 0,
  "acceptance_rate": 0,
  "total_amount_eur": 90025541.93,
  "total_commission_eur": 676576.05,
  "sale_count": 1595081,
  "sale_amount": 90025541.93,
  "payout_count": 0,
  "payout_amount": 0.0,
  "reversal_count": 0,
  "reversal_amount": 0.0,
  "first_transaction_date": "",
  "partners": [
    "SENDS"
  ],
  "currency_breakdown": [],
  "monthly_reconciliation": [
    {
      "month": "2025-01",
      "tx_count": 234267,
      "tx_amount": 11349619.99,
      "tx_commission": 47114.41,
      "tx_effective_rate": 0.4151,
      "recon_count": 0,
      "recon_amount": 9345486.9,
      "recon_commission": 355120.51,
      "recon_rate": 3.7999,
      "contract_rate": 3.8,
      "amount_diff": 2004133.09,
      "deviation_percent": 21.44,
      "status": "error"
    },
    {
      "month": "2025-02",
      "tx_count": 144166,
      "tx_amount": 7573224.82,
      "tx_commission": 48991.71,
      "tx_effective_rate": 0.6469,
      "recon_count": 125553,
      "recon_amount": 5514657.54,
      "recon_commission": 200689.54,
      "recon_rate": 3.6392,
      "contract_rate": 3.8,
      "amount_diff": 2058567.28,
      "deviation_percent": 37.33,
      "status": "error"
    },
    {
      "month": "2025-03",
      "tx_count": 151420,
      "tx_amount": 7245635.99,
      "tx_commission": 23875.78,
      "tx_effective_rate": 0.3295,
      "recon_count": 140947,
      "recon_amount": 6171167.7,
      "recon_commission": 216071.87,
      "recon_rate": 3.5013,
      "contract_rate": 3.8,
      "amount_diff": 1074468.29,
      "deviation_percent": 17.41,
      "status": "error"
    },
    {
      "month": "2025-04",
      "tx_count": 184266,
      "tx_amount": 8065784.8,
      "tx_commission": 0.0,
      "tx_effective_rate": 0.0,
      "recon_count": 181889,
      "recon_amount": 7951518.92,
      "recon_commission": 278416.39,
      "recon_rate": 3.5014,
      "contract_rate": 3.8,
      "amount_diff": 114265.88,
      "deviation_percent": 1.44,
      "status": "error"
    },
    {
      "month": "2025-05",
      "tx_count": 218004,
      "tx_amount": 9579816.52,
      "tx_commission": 5695.47,
      "tx_effective_rate": 0.0595,
      "recon_count": 211751,
      "recon_amount": 9154893.22,
      "recon_commission": 320543.63,
      "recon_rate": 3.5013,
      "contract_rate": 3.8,
      "amount_diff": 424923.3,
      "deviation_percent": 4.64,
      "status": "error"
    },
    {
      "month": "2025-06",
      "tx_count": 325952,
      "tx_amount": 15725363.43,
      "tx_commission": 36263.98,
      "tx_effective_rate": 0.2306,
      "recon_count": 309493,
      "recon_amount": 14055656.23,
      "recon_commission": 492142.29,
      "recon_rate": 3.5014,
      "contract_rate": 3.8,
      "amount_diff": 1669707.2,
      "deviation_percent": 11.88,
      "status": "error"
    },
    {
      "month": "2025-07",
      "tx_count": 172761,
      "tx_amount": 10552522.65,
      "tx_commission": 92905.92,
      "tx_effective_rate": 0.8804,
      "recon_count": 134488,
      "recon_amount": 6451916.18,
      "recon_commission": 232109.96,
      "recon_rate": 3.5975,
      "contract_rate": 3.8,
      "amount_diff": 4100606.47,
      "deviation_percent": 63.56,
      "status": "error"
    },
    {
      "month": "2025-08",
      "tx_count": 44481,
      "tx_amount": 5173061.57,
      "tx_commission": 110641.66,
      "tx_effective_rate": 2.1388,
      "recon_count": 0,
      "recon_amount": 0.0,
      "recon_commission": 0.0,
      "recon_rate": null,
      "contract_rate": 3.8,
      "amount_diff": 5173061.57,
      "deviation_percent": null,
      "status": "ok"
    },
    {
      "month": "2025-09",
      "tx_count": 46465,
      "tx_amount": 5744630.15,
      "tx_commission": 121188.45,
      "tx_effective_rate": 2.1096,
      "recon_count": 0,
      "recon_amount": 0.0,
      "recon_commission": 0.0,
      "recon_rate": null,
      "contract_rate": 3.8,
      "amount_diff": 5744630.15,
      "deviation_percent": null,
      "status": "ok"
    },
    {
      "month": "2025-10",
      "tx_count": 53379,
      "tx_amount": 6859001.35,
      "tx_commission": 143917.12,
      "tx_effective_rate": 2.0982,
      "recon_count": null,
      "recon_amount": null,
      "recon_commission": null,
      "recon_rate": null,
      "contract_rate": null,
      "amount_diff": null,
      "deviation_percent": null,
      "status": "missing"
    },
    {
      "month": "2025-11",
      "tx_count": 14482,
      "tx_amount": 1659889.73,
      "tx_commission": 35128.14,
      "tx_effective_rate": 2.1163,
      "recon_count": null,
      "recon_amount": null,
      "recon_commission": null,
      "recon_rate": null,
      "contract_rate": null,
      "amount_diff": null,
      "deviation_percent": null,
      "status": "missing"
    },
    {
      "month": "2025-12",
      "tx_count": 5438,
      "tx_amount": 496990.93,
      "tx_commission": 10853.41,
      "tx_effective_rate": 2.1838,
      "recon_count": null,
      "recon_amount": null,
      "recon_commission": null,
      "recon_rate": null,
      "contract_rate": null,
      "amount_diff": null,
      "deviation_percent": null,
      "status": "missing"
    }
  ]
}