{
  "merchant_id": 11,
  "merchant_name": "NUOPLAYM LIMITED",
  "merchant_group": "SENDS",
  "company_name": "NUOPLAYM LIMITED",
  "kam": "Anastasiia Pervushyna",
  "contract_id": "0907-25",
  "transaction_count": 1182734,
  "approved_count": 1182734,
  "declined_count": 0,
  "acceptance_rate": 0,
  "total_amount_eur": 75551984.95,
  "total_commission_eur": 0.0,
  "sale_count": 1182734,
  "sale_amount": 75551984.95,
  "payout_count": 0,
  "payout_amount": 0.0,
  "reversal_count": 0,
  "reversal_amount": 0.0,
  "first_transaction_date": "",
  "partners": [
    "SENDS"
  ],
  "currency_breakdown": [],
  "monthly_reconciliation": [
    {
      "month": "2025-01",
      "tx_count": 0,
      "tx_amount": 0.0,
      "tx_commission": 0.0,
      "tx_effective_rate": 0.0,
      "recon_count": null,
      "recon_amount": null,
      "recon_commission": null,
      "recon_rate": null,
      "contract_rate": null,
      "amount_diff": null,
      "deviation_percent": null,
      "status": "empty"
    },
    {
      "month": "2025-02",
      "tx_count": 0,
      "tx_amount": 0.0,
      "tx_commission": 0.0,
      "tx_effective_rate": 0.0,
      "recon_count": null,
      "recon_amount": null,
      "recon_commission": null,
      "recon_rate": null,
      "contract_rate": null,
      "amount_diff": null,
      "deviation_percent": null,
      "status": "empty"
    },
    {
      "month": "2025-03",
      "tx_count": 0,
      "tx_amount": 0.0,
      "tx_commission": 0.0,
      "tx_effective_rate": 0.0,
      "recon_count": null,
      "recon_amount": null,
      "recon_commission": null,
      "recon_rate": null,
      "contract_rate": null,
      "amount_diff": null,
      "deviation_percent": null,
      "status": "empty"
    },
    {
      "month": "2025-04",
      "tx_count": 0,
      "tx_amount": 0.0,
      "tx_commission": 0.0,
      "tx_effective_rate": 0.0,
      "recon_count": null,
      "recon_amount": null,
      "recon_commission": null,
      "recon_rate": null,
      "contract_rate": null,
      "amount_diff": null,
      "deviation_percent": null,
      "status": "empty"
    },
    {
      "month": "2025-05",
      "tx_count": 0,
      "tx_amount": 0.0,
      "tx_commission": 0.0,
      "tx_effective_rate": 0.0,
      "recon_count": null,
      "recon_amount": null,
      "recon_commission": null,
      "recon_rate": null,
      "contract_rate": null,
      "amount_diff": null,
      "deviation_percent": null,
      "status": "empty"
    },
    {
      "month": "2025-06",
      "tx_count": 0,
      "tx_amount": 0.0,
      "tx_commission": 0.0,
      "tx_effective_rate": 0.0,
      "recon_count": null,
      "recon_amount": null,
      "recon_commission": null,
      "recon_rate": null,
      "contract_rate": null,
      "amount_diff": null,
      "deviation_percent": null,
      "status": "empty"
    },
    {
      "month": "2025-07",
      "tx_count": 40052,
      "tx_amount": 1809022.69,
      "tx_commission": 0.0,
      "tx_effective_rate": 0.0,
      "recon_count": 40051,
      "recon_amount": 1809022.69,
      "recon_commission": 68733.18,
      "recon_rate": 3.7995,
      "contract_rate": 3.8,
      "amount_diff": 0.0,
      "deviation_percent": 0.0,
      "status": "ok"
    },
    {
      "month": "2025-08",
      "tx_count": 387474,
      "tx_amount": 23634013.59,
      "tx_commission": 0.0,
      "tx_effective_rate": 0.0,
      "recon_count": 198802,
      "recon_amount": 8521342.01,
      "recon_commission": 323780.06,
      "recon_rate": 3.7996,
      "contract_rate": 3.8,
      "amount_diff": 15112671.58,
      "deviation_percent": 177.35,
      "status": "error"
    },
    {
      "month": "2025-09",
      "tx_count": 254772,
      "tx_amount": 15773971.15,
      "tx_commission": 0.0,
      "tx_effective_rate": 0.0,
      "recon_count": 128571,
      "recon_amount": 5463768.33,
      "recon_commission": 207628.52,
      "recon_rate": 3.8001,
      "contract_rate": 3.8,
      "amount_diff": 10310202.82,
      "deviation_percent": 188.7,
      "status": "error"
    },
    {
      "month": "2025-10",
      "tx_count": 180042,
      "tx_amount": 12367134.23,
      "tx_commission": 0.0,
      "tx_effective_rate": 0.0,
      "recon_count": 63681,
      "recon_amount": 2941592.54,
      "recon_commission": 111769.31,
      "recon_rate": 3.7996,
      "contract_rate": 3.8,
      "amount_diff": 9425541.69,
      "deviation_percent": 320.42,
      "status": "error"
    },
    {
      "month": "2025-11",
      "tx_count": 188508,
      "tx_amount": 13572028.53,
      "tx_commission": 0.0,
      "tx_effective_rate": 0.0,
      "recon_count": 51113,
      "recon_amount": 2390925.96,
      "recon_commission": 90839.32,
      "recon_rate": 3.7993,
      "contract_rate": 3.8,
      "amount_diff": 11181102.57,
      "deviation_percent": 467.65,
      "status": "error"
    },
    {
      "month": "2025-12",
      "tx_count": 131886,
      "tx_amount": 8395814.76,
      "tx_commission": 0.0,
      "tx_effective_rate": 0.0,
      "recon_count": 72843,
      "recon_amount": 3470209.73,
      "recon_commission": 131871.26,
      "recon_rate": 3.8001,
      "contract_rate": 3.8,
      "amount_diff": 4925605.03,
      "deviation_percent": 141.94,
      "status": "error"
    }
  ]
}