{
  "merchant_id": 12,
  "merchant_name": "PIXTHENA LIMITED",
  "merchant_group": "SENDS",
  "company_name": "PIXTHENA LIMITED",
  "kam": "Anastasiia Pervushyna",
  "contract_id": "1811-24",
  "transaction_count": 546918,
  "approved_count": 546918,
  "declined_count": 0,
  "acceptance_rate": 0,
  "total_amount_eur": 41444337.23,
  "total_commission_eur": 0.0,
  "sale_count": 546918,
  "sale_amount": 41444337.23,
  "payout_count": 0,
  "payout_amount": 0.0,
  "reversal_count": 0,
  "reversal_amount": 0.0,
  "first_transaction_date": "",
  "partners": [
    "SENDS"
  ],
  "currency_breakdown": [],
  "monthly_reconciliation": {
    "EUR": [
      {
        "month": "2025-01",
        "tx_count": 8312,
        "tx_amount": 354366.12,
        "tx_commission": 0.0,
        "tx_effective_rate": 0.0,
        "recon_count": 8310,
        "recon_amount": 354377.27,
        "recon_commission": 13470.57,
        "recon_rate": 3.8012,
        "contract_rate": 3.8,
        "amount_diff": -11.15,
        "deviation_percent": 0.0,
        "status": "ok"
      },
      {
        "month": "2025-02",
        "tx_count": 50354,
        "tx_amount": 3616822.46,
        "tx_commission": 0.0,
        "tx_effective_rate": 0.0,
        "recon_count": 50353,
        "recon_amount": 1808411.23,
        "recon_commission": 65060.8,
        "recon_rate": 3.5977,
        "contract_rate": 3.8,
        "amount_diff": 1808411.23,
        "deviation_percent": 100.0,
        "status": "error"
      },
      {
        "month": "2025-03",
        "tx_count": 137712,
        "tx_amount": 12355823.28,
        "tx_commission": 0.0,
        "tx_effective_rate": 0.0,
        "recon_count": 137684,
        "recon_amount": 6178624.14,
        "recon_commission": 216322.74,
        "recon_rate": 3.5011,
        "contract_rate": 3.8,
        "amount_diff": 6177199.14,
        "deviation_percent": 99.98,
        "status": "error"
      },
      {
        "month": "2025-04",
        "tx_count": 158357,
        "tx_amount": 14532678.23,
        "tx_commission": 0.0,
        "tx_effective_rate": 0.0,
        "recon_count": 158342,
        "recon_amount": 7266599.36,
        "recon_commission": 254426.63,
        "recon_rate": 3.5013,
        "contract_rate": 3.8,
        "amount_diff": 7266078.87,
        "deviation_percent": 99.99,
        "status": "error"
      },
      {
        "month": "2025-05",
        "tx_count": 149159,
        "tx_amount": 6788832.03,
        "tx_commission": 0.0,
        "tx_effective_rate": 0.0,
        "recon_count": 149154,
        "recon_amount": 6789632.05,
        "recon_commission": 237693.07,
        "recon_rate": 3.5008,
        "contract_rate": 3.8,
        "amount_diff": -800.02,
        "deviation_percent": 0.01,
        "status": "ok"
      },
      {
        "month": "2025-06",
        "tx_count": 0,
        "tx_amount": 0.0,
        "tx_commission": 0.0,
        "tx_effective_rate": 0,
        "recon_count": 0,
        "recon_amount": null,
        "recon_commission": null,
        "recon_rate": null,
        "contract_rate": 3.8,
        "amount_diff": null,
        "deviation_percent": null,
        "status": "empty"
      },
      {
        "month": "2025-07",
        "tx_count": 1,
        "tx_amount": -23.8,
        "tx_commission": 0.0,
        "tx_effective_rate": -0.0,
        "recon_count": 0,
        "recon_amount": null,
        "recon_commission": null,
        "recon_rate": null,
        "contract_rate": 3.8,
        "amount_diff": null,
        "deviation_percent": null,
        "status": "missing"
      },
      {
        "month": "2025-08",
        "tx_count": 0,
        "tx_amount": 0.0,
        "tx_commission": 0.0,
        "tx_effective_rate": 0,
        "recon_count": null,
        "recon_amount": null,
        "recon_commission": null,
        "recon_rate": null,
        "contract_rate": 3.8,
        "amount_diff": null,
        "deviation_percent": null,
        "status": "empty"
      },
      {
        "month": "2025-09",
        "tx_count": 7,
        "tx_amount": -273.75,
        "tx_commission": 0.0,
        "tx_effective_rate": -0.0,
        "recon_count": null,
        "recon_amount": null,
        "recon_commission": null,
        "recon_rate": null,
        "contract_rate": 3.8,
        "amount_diff": null,
        "deviation_percent": null,
        "status": "missing"
      },
      {
        "month": "2025-10",
        "tx_count": 0,
        "tx_amount": 0.0,
        "tx_commission": 0.0,
        "tx_effective_rate": 0,
        "recon_count": null,
        "recon_amount": null,
        "recon_commission": null,
        "recon_rate": null,
        "contract_rate": 3.8,
        "amount_diff": null,
        "deviation_percent": null,
        "status": "empty"
      },
      {
        "month": "2025-11",
        "tx_count": 0,
        "tx_amount": 0.0,
        "tx_commission": 0.0,
        "tx_effective_rate": 0,
        "recon_count": null,
        "recon_amount": null,
        "recon_commission": null,
        "recon_rate": null,
        "contract_rate": 3.8,
        "amount_diff": null,
        "deviation_percent": null,
        "status": "empty"
      },
      {
        "month": "2025-12",
        "tx_count": 0,
        "tx_amount": 0.0,
        "tx_commission": 0.0,
        "tx_effective_rate": 0,
        "recon_count": null,
        "recon_amount": null,
        "recon_commission": null,
        "recon_rate": null,
        "contract_rate": 3.8,
        "amount_diff": null,
        "deviation_percent": null,
        "status": "empty"
      }
    ],
    "AUD": [
      {
        "month": "2025-01",
        "tx_count": 56,
        "tx_amount": 8119.0,
        "tx_commission": 0.0,
        "tx_effective_rate": 0.0,
        "recon_count": 55,
        "recon_amount": 4059.5,
        "recon_commission": 154.34,
        "recon_rate": 3.8019,
        "contract_rate": 3.8,
        "amount_diff": 4059.5,
        "deviation_percent": 100.0,
        "status": "error"
      },
      {
        "month": "2025-02",
        "tx_count": 1739,
        "tx_amount": 113630.4,
        "tx_commission": 0.0,
        "tx_effective_rate": 0.0,
        "recon_count": 1737,
        "recon_amount": 113670.4,
        "recon_commission": 4054.14,
        "recon_rate": 3.5666,
        "contract_rate": 3.8,
        "amount_diff": -40.0,
        "deviation_percent": 0.04,
        "status": "ok"
      },
      {
        "month": "2025-03",
        "tx_count": 3898,
        "tx_amount": 564974.86,
        "tx_commission": 0.0,
        "tx_effective_rate": 0.0,
        "recon_count": 3897,
        "recon_amount": 282487.43,
        "recon_commission": 9891.26,
        "recon_rate": 3.5015,
        "contract_rate": 3.8,
        "amount_diff": 282487.43,
        "deviation_percent": 100.0,
        "status": "error"
      },
      {
        "month": "2025-04",
        "tx_count": 19639,
        "tx_amount": 1587151.98,
        "tx_commission": 0.0,
        "tx_effective_rate": 0.0,
        "recon_count": 19636,
        "recon_amount": 1588161.98,
        "recon_commission": 55602.28,
        "recon_rate": 3.501,
        "contract_rate": 3.8,
        "amount_diff": -1010.0,
        "deviation_percent": 0.06,
        "status": "ok"
      },
      {
        "month": "2025-05",
        "tx_count": 12646,
        "tx_amount": 943537.31,
        "tx_commission": 0.0,
        "tx_effective_rate": 0.0,
        "recon_count": 12638,
        "recon_amount": 944392.05,
        "recon_commission": 33063.19,
        "recon_rate": 3.501,
        "contract_rate": 3.8,
        "amount_diff": -854.74,
        "deviation_percent": 0.09,
        "status": "ok"
      },
      {
        "month": "2025-06",
        "tx_count": 0,
        "tx_amount": 0.0,
        "tx_commission": 0.0,
        "tx_effective_rate": 0,
        "recon_count": 0,
        "recon_amount": null,
        "recon_commission": null,
        "recon_rate": null,
        "contract_rate": 3.8,
        "amount_diff": null,
        "deviation_percent": null,
        "status": "empty"
      },
      {
        "month": "2025-07",
        "tx_count": 0,
        "tx_amount": 0.0,
        "tx_commission": 0.0,
        "tx_effective_rate": 0,
        "recon_count": 0,
        "recon_amount": null,
        "recon_commission": null,
        "recon_rate": null,
        "contract_rate": 3.8,
        "amount_diff": null,
        "deviation_percent": null,
        "status": "empty"
      },
      {
        "month": "2025-08",
        "tx_count": 0,
        "tx_amount": 0.0,
        "tx_commission": 0.0,
        "tx_effective_rate": 0,
        "recon_count": null,
        "recon_amount": null,
        "recon_commission": null,
        "recon_rate": null,
        "contract_rate": 3.8,
        "amount_diff": null,
        "deviation_percent": null,
        "status": "empty"
      },
      {
        "month": "2025-09",
        "tx_count": 0,
        "tx_amount": 0.0,
        "tx_commission": 0.0,
        "tx_effective_rate": 0,
        "recon_count": null,
        "recon_amount": null,
        "recon_commission": null,
        "recon_rate": null,
        "contract_rate": 3.8,
        "amount_diff": null,
        "deviation_percent": null,
        "status": "empty"
      },
      {
        "month": "2025-10",
        "tx_count": 0,
        "tx_amount": 0.0,
        "tx_commission": 0.0,
        "tx_effective_rate": 0,
        "recon_count": null,
        "recon_amount": null,
        "recon_commission": null,
        "recon_rate": null,
        "contract_rate": 3.8,
        "amount_diff": null,
        "deviation_percent": null,
        "status": "empty"
      },
      {
        "month": "2025-11",
        "tx_count": 0,
        "tx_amount": 0.0,
        "tx_commission": 0.0,
        "tx_effective_rate": 0,
        "recon_count": null,
        "recon_amount": null,
        "recon_commission": null,
        "recon_rate": null,
        "contract_rate": 3.8,
        "amount_diff": null,
        "deviation_percent": null,
        "status": "empty"
      },
      {
        "month": "2025-12",
        "tx_count": 0,
        "tx_amount": 0.0,
        "tx_commission": 0.0,
        "tx_effective_rate": 0,
        "recon_count": null,
        "recon_amount": null,
        "recon_commission": null,
        "recon_rate": null,
        "contract_rate": 3.8,
        "amount_diff": null,
        "deviation_percent": null,
        "status": "empty"
      }
    ],
    "GBP": [
      {
        "month": "2025-01",
        "tx_count": 0,
        "tx_amount": 0,
        "tx_commission": 0,
        "tx_effective_rate": 0,
        "recon_count": null,
        "recon_amount": null,
        "recon_commission": null,
        "recon_rate": null,
        "contract_rate": 4.8,
        "amount_diff": null,
        "deviation_percent": null,
        "status": "empty"
      },
      {
        "month": "2025-02",
        "tx_count": 0,
        "tx_amount": 0,
        "tx_commission": 0,
        "tx_effective_rate": 0,
        "recon_count": null,
        "recon_amount": null,
        "recon_commission": null,
        "recon_rate": null,
        "contract_rate": 4.8,
        "amount_diff": null,
        "deviation_percent": null,
        "status": "empty"
      },
      {
        "month": "2025-03",
        "tx_count": 0,
        "tx_amount": 0,
        "tx_commission": 0,
        "tx_effective_rate": 0,
        "recon_count": null,
        "recon_amount": null,
        "recon_commission": null,
        "recon_rate": null,
        "contract_rate": 4.8,
        "amount_diff": null,
        "deviation_percent": null,
        "status": "empty"
      },
      {
        "month": "2025-04",
        "tx_count": 0,
        "tx_amount": 0.0,
        "tx_commission": 0.0,
        "tx_effective_rate": 0,
        "recon_count": null,
        "recon_amount": null,
        "recon_commission": null,
        "recon_rate": null,
        "contract_rate": 4.8,
        "amount_diff": null,
        "deviation_percent": null,
        "status": "empty"
      },
      {
        "month": "2025-05",
        "tx_count": 2,
        "tx_amount": 0.0,
        "tx_commission": 0.0,
        "tx_effective_rate": 0,
        "recon_count": 1,
        "recon_amount": 1.0,
        "recon_commission": 0.04,
        "recon_rate": 4.0,
        "contract_rate": 4.8,
        "amount_diff": -1.0,
        "deviation_percent": 100.0,
        "status": "error"
      },
      {
        "month": "2025-06",
        "tx_count": 0,
        "tx_amount": 0.0,
        "tx_commission": 0.0,
        "tx_effective_rate": 0,
        "recon_count": null,
        "recon_amount": null,
        "recon_commission": null,
        "recon_rate": null,
        "contract_rate": 4.8,
        "amount_diff": null,
        "deviation_percent": null,
        "status": "empty"
      },
      {
        "month": "2025-07",
        "tx_count": 0,
        "tx_amount": 0.0,
        "tx_commission": 0.0,
        "tx_effective_rate": 0,
        "recon_count": null,
        "recon_amount": null,
        "recon_commission": null,
        "recon_rate": null,
        "contract_rate": 4.8,
        "amount_diff": null,
        "deviation_percent": null,
        "status": "empty"
      },
      {
        "month": "2025-08",
        "tx_count": 0,
        "tx_amount": 0.0,
        "tx_commission": 0.0,
        "tx_effective_rate": 0,
        "recon_count": null,
        "recon_amount": null,
        "recon_commission": null,
        "recon_rate": null,
        "contract_rate": 4.8,
        "amount_diff": null,
        "deviation_percent": null,
        "status": "empty"
      },
      {
        "month": "2025-09",
        "tx_count": 0,
        "tx_amount": 0.0,
        "tx_commission": 0.0,
        "tx_effective_rate": 0,
        "recon_count": null,
        "recon_amount": null,
        "recon_commission": null,
        "recon_rate": null,
        "contract_rate": 4.8,
        "amount_diff": null,
        "deviation_percent": null,
        "status": "empty"
      },
      {
        "month": "2025-10",
        "tx_count": 0,
        "tx_amount": 0.0,
        "tx_commission": 0.0,
        "tx_effective_rate": 0,
        "recon_count": null,
        "recon_amount": null,
        "recon_commission": null,
        "recon_rate": null,
        "contract_rate": 4.8,
        "amount_diff": null,
        "deviation_percent": null,
        "status": "empty"
      },
      {
        "month": "2025-11",
        "tx_count": 0,
        "tx_amount": 0.0,
        "tx_commission": 0.0,
        "tx_effective_rate": 0,
        "recon_count": null,
        "recon_amount": null,
        "recon_commission": null,
        "recon_rate": null,
        "contract_rate": 4.8,
        "amount_diff": null,
        "deviation_percent": null,
        "status": "empty"
      },
      {
        "month": "2025-12",
        "tx_count": 0,
        "tx_amount": 0.0,
        "tx_commission": 0.0,
        "tx_effective_rate": 0,
        "recon_count": null,
        "recon_amount": null,
        "recon_commission": null,
        "recon_rate": null,
        "contract_rate": 4.8,
        "amount_diff": null,
        "deviation_percent": null,
        "status": "empty"
      }
    ],
    "NOK": [
      {
        "month": "2025-01",
        "tx_count": 0,
        "tx_amount": 0,
        "tx_commission": 0,
        "tx_effective_rate": 0,
        "recon_count": 0,
        "recon_amount": null,
        "recon_commission": null,
        "recon_rate": null,
        "contract_rate": 3.8,
        "amount_diff": null,
        "deviation_percent": null,
        "status": "empty"
      },
      {
        "month": "2025-02",
        "tx_count": 9,
        "tx_amount": 16000.0,
        "tx_commission": 0.0,
        "tx_effective_rate": 0.0,
        "recon_count": 8,
        "recon_amount": 8000.0,
        "recon_commission": 280.0,
        "recon_rate": 3.5,
        "contract_rate": 3.8,
        "amount_diff": 8000.0,
        "deviation_percent": 100.0,
        "status": "error"
      },
      {
        "month": "2025-03",
        "tx_count": 0,
        "tx_amount": 0.0,
        "tx_commission": 0.0,
        "tx_effective_rate": 0,
        "recon_count": 0,
        "recon_amount": null,
        "recon_commission": null,
        "recon_rate": null,
        "contract_rate": 3.8,
        "amount_diff": null,
        "deviation_percent": null,
        "status": "empty"
      },
      {
        "month": "2025-04",
        "tx_count": 0,
        "tx_amount": 0.0,
        "tx_commission": 0.0,
        "tx_effective_rate": 0,
        "recon_count": 0,
        "recon_amount": null,
        "recon_commission": null,
        "recon_rate": null,
        "contract_rate": 3.8,
        "amount_diff": null,
        "deviation_percent": null,
        "status": "empty"
      },
      {
        "month": "2025-05",
        "tx_count": 26,
        "tx_amount": 23804.0,
        "tx_commission": 0.0,
        "tx_effective_rate": 0.0,
        "recon_count": 25,
        "recon_amount": 11902.0,
        "recon_commission": 416.58,
        "recon_rate": 3.5001,
        "contract_rate": 3.8,
        "amount_diff": 11902.0,
        "deviation_percent": 100.0,
        "status": "error"
      },
      {
        "month": "2025-06",
        "tx_count": 0,
        "tx_amount": 0.0,
        "tx_commission": 0.0,
        "tx_effective_rate": 0,
        "recon_count": 0,
        "recon_amount": null,
        "recon_commission": null,
        "recon_rate": null,
        "contract_rate": 3.8,
        "amount_diff": null,
        "deviation_percent": null,
        "status": "empty"
      },
      {
        "month": "2025-07",
        "tx_count": 0,
        "tx_amount": 0.0,
        "tx_commission": 0.0,
        "tx_effective_rate": 0,
        "recon_count": 0,
        "recon_amount": null,
        "recon_commission": null,
        "recon_rate": null,
        "contract_rate": 3.8,
        "amount_diff": null,
        "deviation_percent": null,
        "status": "empty"
      },
      {
        "month": "2025-08",
        "tx_count": 0,
        "tx_amount": 0.0,
        "tx_commission": 0.0,
        "tx_effective_rate": 0,
        "recon_count": null,
        "recon_amount": null,
        "recon_commission": null,
        "recon_rate": null,
        "contract_rate": 3.8,
        "amount_diff": null,
        "deviation_percent": null,
        "status": "empty"
      },
      {
        "month": "2025-09",
        "tx_count": 0,
        "tx_amount": 0.0,
        "tx_commission": 0.0,
        "tx_effective_rate": 0,
        "recon_count": null,
        "recon_amount": null,
        "recon_commission": null,
        "recon_rate": null,
        "contract_rate": 3.8,
        "amount_diff": null,
        "deviation_percent": null,
        "status": "empty"
      },
      {
        "month": "2025-10",
        "tx_count": 0,
        "tx_amount": 0.0,
        "tx_commission": 0.0,
        "tx_effective_rate": 0,
        "recon_count": null,
        "recon_amount": null,
        "recon_commission": null,
        "recon_rate": null,
        "contract_rate": 3.8,
        "amount_diff": null,
        "deviation_percent": null,
        "status": "empty"
      },
      {
        "month": "2025-11",
        "tx_count": 0,
        "tx_amount": 0.0,
        "tx_commission": 0.0,
        "tx_effective_rate": 0,
        "recon_count": null,
        "recon_amount": null,
        "recon_commission": null,
        "recon_rate": null,
        "contract_rate": 3.8,
        "amount_diff": null,
        "deviation_percent": null,
        "status": "empty"
      },
      {
        "month": "2025-12",
        "tx_count": 0,
        "tx_amount": 0.0,
        "tx_commission": 0.0,
        "tx_effective_rate": 0,
        "recon_count": null,
        "recon_amount": null,
        "recon_commission": null,
        "recon_rate": null,
        "contract_rate": 3.8,
        "amount_diff": null,
        "deviation_percent": null,
        "status": "empty"
      }
    ],
    "USD": [
      {
        "month": "2025-01",
        "tx_count": 0,
        "tx_amount": 0,
        "tx_commission": 0,
        "tx_effective_rate": 0,
        "recon_count": 0,
        "recon_amount": null,
        "recon_commission": null,
        "recon_rate": null,
        "contract_rate": 3.8,
        "amount_diff": null,
        "deviation_percent": null,
        "status": "empty"
      },
      {
        "month": "2025-02",
        "tx_count": 1468,
        "tx_amount": 67546.47,
        "tx_commission": 0.0,
        "tx_effective_rate": 0.0,
        "recon_count": 1466,
        "recon_amount": 67548.47,
        "recon_commission": 2364.63,
        "recon_rate": 3.5006,
        "contract_rate": 3.8,
        "amount_diff": -2.0,
        "deviation_percent": 0.0,
        "status": "ok"
      },
      {
        "month": "2025-03",
        "tx_count": 0,
        "tx_amount": 0,
        "tx_commission": 0,
        "tx_effective_rate": 0,
        "recon_count": 2569,
        "recon_amount": 146725.5,
        "recon_commission": 5136.81,
        "recon_rate": 3.501,
        "contract_rate": 3.8,
        "amount_diff": -146725.5,
        "deviation_percent": 100.0,
        "status": "empty"
      },
      {
        "month": "2025-04",
        "tx_count": 2836,
        "tx_amount": 378832.36,
        "tx_commission": 0.0,
        "tx_effective_rate": 0.0,
        "recon_count": 2834,
        "recon_amount": 189418.68,
        "recon_commission": 6631.44,
        "recon_rate": 3.5009,
        "contract_rate": 3.8,
        "amount_diff": 189413.68,
        "deviation_percent": 100.0,
        "status": "error"
      },
      {
        "month": "2025-05",
        "tx_count": 697,
        "tx_amount": 92516.28,
        "tx_commission": 0.0,
        "tx_effective_rate": 0.0,
        "recon_count": 696,
        "recon_amount": 46258.14,
        "recon_commission": 1619.34,
        "recon_rate": 3.5007,
        "contract_rate": 3.8,
        "amount_diff": 46258.14,
        "deviation_percent": 100.0,
        "status": "error"
      },
      {
        "month": "2025-06",
        "tx_count": 0,
        "tx_amount": 0.0,
        "tx_commission": 0.0,
        "tx_effective_rate": 0,
        "recon_count": 0,
        "recon_amount": null,
        "recon_commission": null,
        "recon_rate": null,
        "contract_rate": 3.8,
        "amount_diff": null,
        "deviation_percent": null,
        "status": "empty"
      },
      {
        "month": "2025-07",
        "tx_count": 0,
        "tx_amount": 0.0,
        "tx_commission": 0.0,
        "tx_effective_rate": 0,
        "recon_count": 0,
        "recon_amount": null,
        "recon_commission": null,
        "recon_rate": null,
        "contract_rate": 3.8,
        "amount_diff": null,
        "deviation_percent": null,
        "status": "empty"
      },
      {
        "month": "2025-08",
        "tx_count": 0,
        "tx_amount": 0.0,
        "tx_commission": 0.0,
        "tx_effective_rate": 0,
        "recon_count": null,
        "recon_amount": null,
        "recon_commission": null,
        "recon_rate": null,
        "contract_rate": 3.8,
        "amount_diff": null,
        "deviation_percent": null,
        "status": "empty"
      },
      {
        "month": "2025-09",
        "tx_count": 0,
        "tx_amount": 0.0,
        "tx_commission": 0.0,
        "tx_effective_rate": 0,
        "recon_count": null,
        "recon_amount": null,
        "recon_commission": null,
        "recon_rate": null,
        "contract_rate": 3.8,
        "amount_diff": null,
        "deviation_percent": null,
        "status": "empty"
      },
      {
        "month": "2025-10",
        "tx_count": 0,
        "tx_amount": 0.0,
        "tx_commission": 0.0,
        "tx_effective_rate": 0,
        "recon_count": null,
        "recon_amount": null,
        "recon_commission": null,
        "recon_rate": null,
        "contract_rate": 3.8,
        "amount_diff": null,
        "deviation_percent": null,
        "status": "empty"
      },
      {
        "month": "2025-11",
        "tx_count": 0,
        "tx_amount": 0.0,
        "tx_commission": 0.0,
        "tx_effective_rate": 0,
        "recon_count": null,
        "recon_amount": null,
        "recon_commission": null,
        "recon_rate": null,
        "contract_rate": 3.8,
        "amount_diff": null,
        "deviation_percent": null,
        "status": "empty"
      },
      {
        "month": "2025-12",
        "tx_count": 0,
        "tx_amount": 0.0,
        "tx_commission": 0.0,
        "tx_effective_rate": 0,
        "recon_count": null,
        "recon_amount": null,
        "recon_commission": null,
        "recon_rate": null,
        "contract_rate": 3.8,
        "amount_diff": null,
        "deviation_percent": null,
        "status": "empty"
      }
    ]
  }
}