{
  "merchant_id": 12,
  "merchant_name": "PIXTHENA LIMITED",
  "merchant_group": "SENDS",
  "company_name": "PIXTHENA LIMITED",
  "kam": "Anastasiia Pervushyna",
  "contract_id": "1811-24",
  "transaction_count": 546918,
  "approved_count": 546918,
  "declined_count": 0,
  "acceptance_rate": 0,
  "total_amount_eur": 41444337.23,
  "total_commission_eur": 0.0,
  "sale_count": 546918,
  "sale_amount": 41444337.23,
  "payout_count": 0,
  "payout_amount": 0.0,
  "reversal_count": 0,
  "reversal_amount": 0.0,
  "first_transaction_date": "",
  "partners": [
    "SENDS"
  ],
  "currency_breakdown": [],
  "monthly_reconciliation": [
    {
      "month": "2025-01",
      "tx_count": 8368,
      "tx_amount": 362485.12,
      "tx_commission": 0.0,
      "tx_effective_rate": 0.0,
      "recon_count": 0,
      "recon_amount": 354377.27,
      "recon_commission": 13470.57,
      "recon_rate": 3.8012,
      "contract_rate": 3.5,
      "amount_diff": 8107.85,
      "deviation_percent": 2.29,
      "status": "error"
    },
    {
      "month": "2025-02",
      "tx_count": 53570,
      "tx_amount": 3813999.33,
      "tx_commission": 0.0,
      "tx_effective_rate": 0.0,
      "recon_count": 50353,
      "recon_amount": 1808411.23,
      "recon_commission": 65060.8,
      "recon_rate": 3.5977,
      "contract_rate": 3.5,
      "amount_diff": 2005588.1,
      "deviation_percent": 110.9,
      "status": "error"
    },
    {
      "month": "2025-03",
      "tx_count": 141610,
      "tx_amount": 12920798.14,
      "tx_commission": 0.0,
      "tx_effective_rate": 0.0,
      "recon_count": 137684,
      "recon_amount": 6178624.14,
      "recon_commission": 216322.74,
      "recon_rate": 3.5011,
      "contract_rate": 3.5,
      "amount_diff": 6742174.0,
      "deviation_percent": 109.12,
      "status": "error"
    },
    {
      "month": "2025-04",
      "tx_count": 180832,
      "tx_amount": 16498662.57,
      "tx_commission": 0.0,
      "tx_effective_rate": 0.0,
      "recon_count": 158342,
      "recon_amount": 7266599.36,
      "recon_commission": 254426.63,
      "recon_rate": 3.5013,
      "contract_rate": 3.5,
      "amount_diff": 9232063.21,
      "deviation_percent": 127.05,
      "status": "error"
    },
    {
      "month": "2025-05",
      "tx_count": 162530,
      "tx_amount": 7848689.62,
      "tx_commission": 0.0,
      "tx_effective_rate": 0.0,
      "recon_count": 149154,
      "recon_amount": 6789632.05,
      "recon_commission": 237693.07,
      "recon_rate": 3.5008,
      "contract_rate": 3.5,
      "amount_diff": 1059057.57,
      "deviation_percent": 15.6,
      "status": "error"
    },
    {
      "month": "2025-06",
      "tx_count": 0,
      "tx_amount": 0.0,
      "tx_commission": 0.0,
      "tx_effective_rate": 0.0,
      "recon_count": 0,
      "recon_amount": 0.0,
      "recon_commission": 0.0,
      "recon_rate": null,
      "contract_rate": 3.5,
      "amount_diff": null,
      "deviation_percent": null,
      "status": "empty"
    },
    {
      "month": "2025-07",
      "tx_count": 1,
      "tx_amount": -23.8,
      "tx_commission": 0.0,
      "tx_effective_rate": 0.0,
      "recon_count": 0,
      "recon_amount": 0.0,
      "recon_commission": 0.0,
      "recon_rate": null,
      "contract_rate": 3.5,
      "amount_diff": null,
      "deviation_percent": null,
      "status": "empty"
    },
    {
      "month": "2025-08",
      "tx_count": 0,
      "tx_amount": 0.0,
      "tx_commission": 0.0,
      "tx_effective_rate": 0.0,
      "recon_count": null,
      "recon_amount": null,
      "recon_commission": null,
      "recon_rate": null,
      "contract_rate": null,
      "amount_diff": null,
      "deviation_percent": null,
      "status": "empty"
    },
    {
      "month": "2025-09",
      "tx_count": 7,
      "tx_amount": -273.75,
      "tx_commission": 0.0,
      "tx_effective_rate": 0.0,
      "recon_count": null,
      "recon_amount": null,
      "recon_commission": null,
      "recon_rate": null,
      "contract_rate": null,
      "amount_diff": null,
      "deviation_percent": null,
      "status": "empty"
    },
    {
      "month": "2025-10",
      "tx_count": 0,
      "tx_amount": 0.0,
      "tx_commission": 0.0,
      "tx_effective_rate": 0.0,
      "recon_count": null,
      "recon_amount": null,
      "recon_commission": null,
      "recon_rate": null,
      "contract_rate": null,
      "amount_diff": null,
      "deviation_percent": null,
      "status": "empty"
    },
    {
      "month": "2025-11",
      "tx_count": 0,
      "tx_amount": 0.0,
      "tx_commission": 0.0,
      "tx_effective_rate": 0.0,
      "recon_count": null,
      "recon_amount": null,
      "recon_commission": null,
      "recon_rate": null,
      "contract_rate": null,
      "amount_diff": null,
      "deviation_percent": null,
      "status": "empty"
    },
    {
      "month": "2025-12",
      "tx_count": 0,
      "tx_amount": 0.0,
      "tx_commission": 0.0,
      "tx_effective_rate": 0.0,
      "recon_count": null,
      "recon_amount": null,
      "recon_commission": null,
      "recon_rate": null,
      "contract_rate": null,
      "amount_diff": null,
      "deviation_percent": null,
      "status": "empty"
    }
  ]
}