{
  "merchant_id": 13,
  "merchant_name": "QUANTESSA LTD",
  "merchant_group": "SENDS",
  "company_name": "QUANTESSA LTD",
  "kam": "ZHUKOVA, Olena",
  "contract_id": "13/10-02",
  "transaction_count": 10810,
  "approved_count": 10810,
  "declined_count": 0,
  "acceptance_rate": 0,
  "total_amount_eur": 723821.95,
  "total_commission_eur": 27504.87,
  "sale_count": 10810,
  "sale_amount": 723821.95,
  "payout_count": 0,
  "payout_amount": 0.0,
  "reversal_count": 0,
  "reversal_amount": 0.0,
  "first_transaction_date": "",
  "partners": [
    "SENDS"
  ],
  "currency_breakdown": [
    {"currency": "EUR", "cnt": 5854, "amount": 317874.23},
    {"currency": "AUD", "cnt": 4957, "amount": 405957.72}
  ],
  "monthly_reconciliation": {
    "EUR": [
      {"month": "2025-01", "tx_count": 0, "tx_amount": 0, "tx_commission": 0, "tx_effective_rate": 0, "recon_count": null, "recon_amount": null, "recon_commission": null, "recon_rate": null, "contract_rate": 3.8, "amount_diff": null, "deviation_percent": null, "status": "empty"},
      {"month": "2025-02", "tx_count": 0, "tx_amount": 0, "tx_commission": 0, "tx_effective_rate": 0, "recon_count": null, "recon_amount": null, "recon_commission": null, "recon_rate": null, "contract_rate": 3.8, "amount_diff": null, "deviation_percent": null, "status": "empty"},
      {"month": "2025-03", "tx_count": 0, "tx_amount": 0, "tx_commission": 0, "tx_effective_rate": 0, "recon_count": null, "recon_amount": null, "recon_commission": null, "recon_rate": null, "contract_rate": 3.8, "amount_diff": null, "deviation_percent": null, "status": "empty"},
      {"month": "2025-04", "tx_count": 0, "tx_amount": 0, "tx_commission": 0, "tx_effective_rate": 0, "recon_count": null, "recon_amount": null, "recon_commission": null, "recon_rate": null, "contract_rate": 3.8, "amount_diff": null, "deviation_percent": null, "status": "empty"},
      {"month": "2025-05", "tx_count": 0, "tx_amount": 0, "tx_commission": 0, "tx_effective_rate": 0, "recon_count": null, "recon_amount": null, "recon_commission": null, "recon_rate": null, "contract_rate": 3.8, "amount_diff": null, "deviation_percent": null, "status": "empty"},
      {"month": "2025-06", "tx_count": 0, "tx_amount": 0, "tx_commission": 0, "tx_effective_rate": 0, "recon_count": null, "recon_amount": null, "recon_commission": null, "recon_rate": null, "contract_rate": 3.8, "amount_diff": null, "deviation_percent": null, "status": "empty"},
      {"month": "2025-07", "tx_count": 0, "tx_amount": 0, "tx_commission": 0, "tx_effective_rate": 0, "recon_count": null, "recon_amount": null, "recon_commission": null, "recon_rate": null, "contract_rate": 3.8, "amount_diff": null, "deviation_percent": null, "status": "empty"},
      {"month": "2025-08", "tx_count": 0, "tx_amount": 0, "tx_commission": 0, "tx_effective_rate": 0, "recon_count": null, "recon_amount": null, "recon_commission": null, "recon_rate": null, "contract_rate": 3.8, "amount_diff": null, "deviation_percent": null, "status": "empty"},
      {"month": "2025-09", "tx_count": 0, "tx_amount": 0, "tx_commission": 0, "tx_effective_rate": 0, "recon_count": null, "recon_amount": null, "recon_commission": null, "recon_rate": null, "contract_rate": 3.8, "amount_diff": null, "deviation_percent": null, "status": "empty"},
      {"month": "2025-10", "tx_count": 76, "tx_amount": 4070.14, "tx_commission": 154.73, "tx_effective_rate": 3.8, "recon_count": 76, "recon_amount": 4070.14, "recon_commission": 154.73, "recon_rate": 3.8, "contract_rate": 3.8, "amount_diff": 0, "deviation_percent": 0, "status": "ok"},
      {"month": "2025-11", "tx_count": 1875, "tx_amount": 105158.47, "tx_commission": 3995.65, "tx_effective_rate": 3.8, "recon_count": 1875, "recon_amount": 105158.47, "recon_commission": 3995.65, "recon_rate": 3.8, "contract_rate": 3.8, "amount_diff": 0, "deviation_percent": 0, "status": "ok"},
      {"month": "2025-12", "tx_count": 3903, "tx_amount": 208645.62, "tx_commission": 7933.04, "tx_effective_rate": 3.8, "recon_count": 3902, "recon_amount": 208635.62, "recon_commission": 7928.04, "recon_rate": 3.8, "contract_rate": 3.8, "amount_diff": 10, "deviation_percent": 0.0, "status": "ok"}
    ],
    "AUD": [
      {"month": "2025-01", "tx_count": 0, "tx_amount": 0, "tx_commission": 0, "tx_effective_rate": 0, "recon_count": null, "recon_amount": null, "recon_commission": null, "recon_rate": null, "contract_rate": 3.8, "amount_diff": null, "deviation_percent": null, "status": "empty"},
      {"month": "2025-02", "tx_count": 0, "tx_amount": 0, "tx_commission": 0, "tx_effective_rate": 0, "recon_count": null, "recon_amount": null, "recon_commission": null, "recon_rate": null, "contract_rate": 3.8, "amount_diff": null, "deviation_percent": null, "status": "empty"},
      {"month": "2025-03", "tx_count": 0, "tx_amount": 0, "tx_commission": 0, "tx_effective_rate": 0, "recon_count": null, "recon_amount": null, "recon_commission": null, "recon_rate": null, "contract_rate": 3.8, "amount_diff": null, "deviation_percent": null, "status": "empty"},
      {"month": "2025-04", "tx_count": 0, "tx_amount": 0, "tx_commission": 0, "tx_effective_rate": 0, "recon_count": null, "recon_amount": null, "recon_commission": null, "recon_rate": null, "contract_rate": 3.8, "amount_diff": null, "deviation_percent": null, "status": "empty"},
      {"month": "2025-05", "tx_count": 0, "tx_amount": 0, "tx_commission": 0, "tx_effective_rate": 0, "recon_count": null, "recon_amount": null, "recon_commission": null, "recon_rate": null, "contract_rate": 3.8, "amount_diff": null, "deviation_percent": null, "status": "empty"},
      {"month": "2025-06", "tx_count": 0, "tx_amount": 0, "tx_commission": 0, "tx_effective_rate": 0, "recon_count": null, "recon_amount": null, "recon_commission": null, "recon_rate": null, "contract_rate": 3.8, "amount_diff": null, "deviation_percent": null, "status": "empty"},
      {"month": "2025-07", "tx_count": 0, "tx_amount": 0, "tx_commission": 0, "tx_effective_rate": 0, "recon_count": null, "recon_amount": null, "recon_commission": null, "recon_rate": null, "contract_rate": 3.8, "amount_diff": null, "deviation_percent": null, "status": "empty"},
      {"month": "2025-08", "tx_count": 0, "tx_amount": 0, "tx_commission": 0, "tx_effective_rate": 0, "recon_count": null, "recon_amount": null, "recon_commission": null, "recon_rate": null, "contract_rate": 3.8, "amount_diff": null, "deviation_percent": null, "status": "empty"},
      {"month": "2025-09", "tx_count": 0, "tx_amount": 0, "tx_commission": 0, "tx_effective_rate": 0, "recon_count": null, "recon_amount": null, "recon_commission": null, "recon_rate": null, "contract_rate": 3.8, "amount_diff": null, "deviation_percent": null, "status": "empty"},
      {"month": "2025-10", "tx_count": 0, "tx_amount": 0, "tx_commission": 0, "tx_effective_rate": 0, "recon_count": null, "recon_amount": null, "recon_commission": null, "recon_rate": null, "contract_rate": 3.8, "amount_diff": null, "deviation_percent": null, "status": "empty"},
      {"month": "2025-11", "tx_count": 2081, "tx_amount": 155580.24, "tx_commission": 5912.15, "tx_effective_rate": 3.8, "recon_count": 2081, "recon_amount": 155580.24, "recon_commission": 5912.12, "recon_rate": 3.8, "contract_rate": 3.8, "amount_diff": 0, "deviation_percent": 0, "status": "ok"},
      {"month": "2025-12", "tx_count": 2876, "tx_amount": 250377.48, "tx_commission": 9514.30, "tx_effective_rate": 3.8, "recon_count": 2876, "recon_amount": 250377.48, "recon_commission": 9514.30, "recon_rate": 3.8, "contract_rate": 3.8, "amount_diff": 0, "deviation_percent": 0, "status": "ok"}
    ]
  }
}