{
  "merchant_id": 14,
  "merchant_name": "RENAMESTRA LTD",
  "merchant_group": "SENDS",
  "company_name": "RENAMESTRA LTD",
  "kam": "Anastasiia Pervushyna",
  "contract_id": "2209-25",
  "transaction_count": 26375,
  "approved_count": 26375,
  "declined_count": 0,
  "acceptance_rate": 0,
  "total_amount_eur": 1232470.4,
  "total_commission_eur": 46832.66,
  "sale_count": 26375,
  "sale_amount": 1232470.4,
  "payout_count": 0,
  "payout_amount": 0.0,
  "reversal_count": 0,
  "reversal_amount": 0.0,
  "first_transaction_date": "",
  "partners": [
    "SENDS"
  ],
  "currency_breakdown": [],
  "monthly_reconciliation": {
    "EUR": [
      {
        "month": "2025-01",
        "tx_count": 0,
        "tx_amount": 0,
        "tx_commission": 0,
        "tx_effective_rate": 0,
        "recon_count": null,
        "recon_amount": null,
        "recon_commission": null,
        "recon_rate": null,
        "contract_rate": 3.8,
        "amount_diff": null,
        "deviation_percent": null,
        "status": "empty"
      },
      {
        "month": "2025-02",
        "tx_count": 0,
        "tx_amount": 0,
        "tx_commission": 0,
        "tx_effective_rate": 0,
        "recon_count": null,
        "recon_amount": null,
        "recon_commission": null,
        "recon_rate": null,
        "contract_rate": 3.8,
        "amount_diff": null,
        "deviation_percent": null,
        "status": "empty"
      },
      {
        "month": "2025-03",
        "tx_count": 0,
        "tx_amount": 0,
        "tx_commission": 0,
        "tx_effective_rate": 0,
        "recon_count": null,
        "recon_amount": null,
        "recon_commission": null,
        "recon_rate": null,
        "contract_rate": 3.8,
        "amount_diff": null,
        "deviation_percent": null,
        "status": "empty"
      },
      {
        "month": "2025-04",
        "tx_count": 0,
        "tx_amount": 0,
        "tx_commission": 0,
        "tx_effective_rate": 0,
        "recon_count": null,
        "recon_amount": null,
        "recon_commission": null,
        "recon_rate": null,
        "contract_rate": 3.8,
        "amount_diff": null,
        "deviation_percent": null,
        "status": "empty"
      },
      {
        "month": "2025-05",
        "tx_count": 0,
        "tx_amount": 0,
        "tx_commission": 0,
        "tx_effective_rate": 0,
        "recon_count": null,
        "recon_amount": null,
        "recon_commission": null,
        "recon_rate": null,
        "contract_rate": 3.8,
        "amount_diff": null,
        "deviation_percent": null,
        "status": "empty"
      },
      {
        "month": "2025-06",
        "tx_count": 0,
        "tx_amount": 0,
        "tx_commission": 0,
        "tx_effective_rate": 0,
        "recon_count": null,
        "recon_amount": null,
        "recon_commission": null,
        "recon_rate": null,
        "contract_rate": 3.8,
        "amount_diff": null,
        "deviation_percent": null,
        "status": "empty"
      },
      {
        "month": "2025-07",
        "tx_count": 0,
        "tx_amount": 0,
        "tx_commission": 0,
        "tx_effective_rate": 0,
        "recon_count": null,
        "recon_amount": null,
        "recon_commission": null,
        "recon_rate": null,
        "contract_rate": 3.8,
        "amount_diff": null,
        "deviation_percent": null,
        "status": "empty"
      },
      {
        "month": "2025-08",
        "tx_count": 0,
        "tx_amount": 0,
        "tx_commission": 0,
        "tx_effective_rate": 0,
        "recon_count": null,
        "recon_amount": null,
        "recon_commission": null,
        "recon_rate": null,
        "contract_rate": 3.8,
        "amount_diff": null,
        "deviation_percent": null,
        "status": "empty"
      },
      {
        "month": "2025-09",
        "tx_count": 0,
        "tx_amount": 0,
        "tx_commission": 0,
        "tx_effective_rate": 0,
        "recon_count": null,
        "recon_amount": null,
        "recon_commission": null,
        "recon_rate": null,
        "contract_rate": 3.8,
        "amount_diff": null,
        "deviation_percent": null,
        "status": "empty"
      },
      {
        "month": "2025-10",
        "tx_count": 5850,
        "tx_amount": 286631.96,
        "tx_commission": 10901.92,
        "tx_effective_rate": 3.8035,
        "recon_count": 5848,
        "recon_amount": 286610.96,
        "recon_commission": 10891.92,
        "recon_rate": 3.8002,
        "contract_rate": 3.8,
        "amount_diff": 21.0,
        "deviation_percent": 0.01,
        "status": "ok"
      },
      {
        "month": "2025-11",
        "tx_count": 8533,
        "tx_amount": 427444.4,
        "tx_commission": 16246.51,
        "tx_effective_rate": 3.8008,
        "recon_count": 8532,
        "recon_amount": 427424.4,
        "recon_commission": 16241.51,
        "recon_rate": 3.7999,
        "contract_rate": 3.8,
        "amount_diff": 20.0,
        "deviation_percent": 0.0,
        "status": "ok"
      },
      {
        "month": "2025-12",
        "tx_count": 12022,
        "tx_amount": 519403.46,
        "tx_commission": 19778.41,
        "tx_effective_rate": 3.8079,
        "recon_count": 12010,
        "recon_amount": 518939.75,
        "recon_commission": 19718.41,
        "recon_rate": 3.7997,
        "contract_rate": 3.8,
        "amount_diff": 463.71,
        "deviation_percent": 0.09,
        "status": "ok"
      }
    ]
  }
}