{
  "merchant_id": 16,
  "merchant_name": "SKINVALUT LIMITED",
  "merchant_group": "SENDS",
  "company_name": "SKINVALUT LIMITED",
  "kam": "Yuliia NIKULINA",
  "contract_id": "2025/2107-01",
  "transaction_count": 442776,
  "approved_count": 442776,
  "declined_count": 0,
  "acceptance_rate": 0,
  "total_amount_eur": 22901449.02,
  "total_commission_eur": 870238.54,
  "sale_count": 442776,
  "sale_amount": 22901449.02,
  "payout_count": 0,
  "payout_amount": 0.0,
  "reversal_count": 0,
  "reversal_amount": 0.0,
  "first_transaction_date": "",
  "partners": [
    "SENDS"
  ],
  "currency_breakdown": [],
  "monthly_reconciliation": [
    {
      "month": "2025-01",
      "tx_count": 0,
      "tx_amount": 0.0,
      "tx_commission": 0.0,
      "tx_effective_rate": 0.0,
      "recon_count": null,
      "recon_amount": null,
      "recon_commission": null,
      "recon_rate": null,
      "contract_rate": null,
      "amount_diff": null,
      "deviation_percent": null,
      "status": "empty"
    },
    {
      "month": "2025-02",
      "tx_count": 0,
      "tx_amount": 0.0,
      "tx_commission": 0.0,
      "tx_effective_rate": 0.0,
      "recon_count": null,
      "recon_amount": null,
      "recon_commission": null,
      "recon_rate": null,
      "contract_rate": null,
      "amount_diff": null,
      "deviation_percent": null,
      "status": "empty"
    },
    {
      "month": "2025-03",
      "tx_count": 0,
      "tx_amount": 0.0,
      "tx_commission": 0.0,
      "tx_effective_rate": 0.0,
      "recon_count": null,
      "recon_amount": null,
      "recon_commission": null,
      "recon_rate": null,
      "contract_rate": null,
      "amount_diff": null,
      "deviation_percent": null,
      "status": "empty"
    },
    {
      "month": "2025-04",
      "tx_count": 0,
      "tx_amount": 0.0,
      "tx_commission": 0.0,
      "tx_effective_rate": 0.0,
      "recon_count": null,
      "recon_amount": null,
      "recon_commission": null,
      "recon_rate": null,
      "contract_rate": null,
      "amount_diff": null,
      "deviation_percent": null,
      "status": "empty"
    },
    {
      "month": "2025-05",
      "tx_count": 0,
      "tx_amount": 0.0,
      "tx_commission": 0.0,
      "tx_effective_rate": 0.0,
      "recon_count": null,
      "recon_amount": null,
      "recon_commission": null,
      "recon_rate": null,
      "contract_rate": null,
      "amount_diff": null,
      "deviation_percent": null,
      "status": "empty"
    },
    {
      "month": "2025-06",
      "tx_count": 0,
      "tx_amount": 0.0,
      "tx_commission": 0.0,
      "tx_effective_rate": 0.0,
      "recon_count": null,
      "recon_amount": null,
      "recon_commission": null,
      "recon_rate": null,
      "contract_rate": null,
      "amount_diff": null,
      "deviation_percent": null,
      "status": "empty"
    },
    {
      "month": "2025-07",
      "tx_count": 0,
      "tx_amount": 0.0,
      "tx_commission": 0.0,
      "tx_effective_rate": 0.0,
      "recon_count": null,
      "recon_amount": null,
      "recon_commission": null,
      "recon_rate": null,
      "contract_rate": null,
      "amount_diff": null,
      "deviation_percent": null,
      "status": "empty"
    },
    {
      "month": "2025-08",
      "tx_count": 134337,
      "tx_amount": 7982137.64,
      "tx_commission": 303302.17,
      "tx_effective_rate": 3.7998,
      "recon_count": 86161,
      "recon_amount": 4053207.7,
      "recon_commission": 154002.89,
      "recon_rate": 3.7995,
      "contract_rate": 3.8,
      "amount_diff": 3928929.94,
      "deviation_percent": 96.93,
      "status": "error"
    },
    {
      "month": "2025-09",
      "tx_count": 111238,
      "tx_amount": 5265737.9,
      "tx_commission": 200094.6,
      "tx_effective_rate": 3.7999,
      "recon_count": 103676,
      "recon_amount": 4752911.72,
      "recon_commission": 180607.24,
      "recon_rate": 3.7999,
      "contract_rate": 3.8,
      "amount_diff": 512826.18,
      "deviation_percent": 10.79,
      "status": "error"
    },
    {
      "month": "2025-10",
      "tx_count": 75267,
      "tx_amount": 3742639.16,
      "tx_commission": 142218.55,
      "tx_effective_rate": 3.8,
      "recon_count": 65271,
      "recon_amount": 3059506.7,
      "recon_commission": 116259.65,
      "recon_rate": 3.7999,
      "contract_rate": 3.8,
      "amount_diff": 683132.46,
      "deviation_percent": 22.33,
      "status": "error"
    },
    {
      "month": "2025-11",
      "tx_count": 63268,
      "tx_amount": 3063722.3,
      "tx_commission": 116425.1,
      "tx_effective_rate": 3.8001,
      "recon_count": 53211,
      "recon_amount": 2402062.44,
      "recon_commission": 91282.08,
      "recon_rate": 3.8002,
      "contract_rate": 3.8,
      "amount_diff": 661659.86,
      "deviation_percent": 27.55,
      "status": "error"
    },
    {
      "month": "2025-12",
      "tx_count": 58666,
      "tx_amount": 2847212.02,
      "tx_commission": 108198.12,
      "tx_effective_rate": 3.8001,
      "recon_count": 55801,
      "recon_amount": 2640073.45,
      "recon_commission": 100326.89,
      "recon_rate": 3.8002,
      "contract_rate": 3.8,
      "amount_diff": 207138.57,
      "deviation_percent": 7.85,
      "status": "error"
    }
  ]
}