{
  "merchant_id": 16,
  "merchant_name": "SKINVALUT LIMITED",
  "merchant_group": "SENDS",
  "company_name": "SKINVALUT LIMITED",
  "kam": "Yuliia NIKULINA",
  "contract_id": "2025/2107-01",
  "transaction_count": 442776,
  "approved_count": 442776,
  "declined_count": 0,
  "acceptance_rate": 0,
  "total_amount_eur": 22901449.02,
  "total_commission_eur": 870238.54,
  "sale_count": 442776,
  "sale_amount": 22901449.02,
  "payout_count": 0,
  "payout_amount": 0.0,
  "reversal_count": 0,
  "reversal_amount": 0.0,
  "first_transaction_date": "",
  "partners": [
    "SENDS"
  ],
  "currency_breakdown": [
    {"currency": "EUR", "cnt": 364181, "amount": 16911807.70},
    {"currency": "AUD", "cnt": 78399, "amount": 5984374.07},
    {"currency": "USD", "cnt": 281, "amount": 10959.08}
  ],
  "monthly_reconciliation": {
    "EUR": [
      {"month": "2025-01", "tx_count": 0, "tx_amount": 0, "tx_commission": 0, "tx_effective_rate": 0, "recon_count": null, "recon_amount": null, "recon_commission": null, "recon_rate": null, "contract_rate": 3.8, "amount_diff": null, "deviation_percent": null, "status": "empty"},
      {"month": "2025-02", "tx_count": 0, "tx_amount": 0, "tx_commission": 0, "tx_effective_rate": 0, "recon_count": null, "recon_amount": null, "recon_commission": null, "recon_rate": null, "contract_rate": 3.8, "amount_diff": null, "deviation_percent": null, "status": "empty"},
      {"month": "2025-03", "tx_count": 0, "tx_amount": 0, "tx_commission": 0, "tx_effective_rate": 0, "recon_count": null, "recon_amount": null, "recon_commission": null, "recon_rate": null, "contract_rate": 3.8, "amount_diff": null, "deviation_percent": null, "status": "empty"},
      {"month": "2025-04", "tx_count": 0, "tx_amount": 0, "tx_commission": 0, "tx_effective_rate": 0, "recon_count": null, "recon_amount": null, "recon_commission": null, "recon_rate": null, "contract_rate": 3.8, "amount_diff": null, "deviation_percent": null, "status": "empty"},
      {"month": "2025-05", "tx_count": 0, "tx_amount": 0, "tx_commission": 0, "tx_effective_rate": 0, "recon_count": null, "recon_amount": null, "recon_commission": null, "recon_rate": null, "contract_rate": 3.8, "amount_diff": null, "deviation_percent": null, "status": "empty"},
      {"month": "2025-06", "tx_count": 0, "tx_amount": 0, "tx_commission": 0, "tx_effective_rate": 0, "recon_count": null, "recon_amount": null, "recon_commission": null, "recon_rate": null, "contract_rate": 3.8, "amount_diff": null, "deviation_percent": null, "status": "empty"},
      {"month": "2025-07", "tx_count": 0, "tx_amount": 0, "tx_commission": 0, "tx_effective_rate": 0, "recon_count": null, "recon_amount": null, "recon_commission": null, "recon_rate": null, "contract_rate": 3.8, "amount_diff": null, "deviation_percent": null, "status": "empty"},
      {"month": "2025-08", "tx_count": 86165, "tx_amount": 4053752.35, "tx_commission": 154022.89, "tx_effective_rate": 3.8, "recon_count": 86161, "recon_amount": 4053207.70, "recon_commission": 154002.89, "recon_rate": 3.8, "contract_rate": 3.8, "amount_diff": 544.65, "deviation_percent": 0.01, "status": "ok"},
      {"month": "2025-09", "tx_count": 103729, "tx_amount": 4755938.32, "tx_commission": 180872.24, "tx_effective_rate": 3.8, "recon_count": 103676, "recon_amount": 4752911.72, "recon_commission": 180607.24, "recon_rate": 3.8, "contract_rate": 3.8, "amount_diff": 3026.60, "deviation_percent": 0.06, "status": "ok"},
      {"month": "2025-10", "tx_count": 65273, "tx_amount": 3059538.14, "tx_commission": 116269.65, "tx_effective_rate": 3.8, "recon_count": 65271, "recon_amount": 3059506.70, "recon_commission": 116259.65, "recon_rate": 3.8, "contract_rate": 3.8, "amount_diff": 31.44, "deviation_percent": 0.0, "status": "ok"},
      {"month": "2025-11", "tx_count": 53213, "tx_amount": 2402505.44, "tx_commission": 91292.08, "tx_effective_rate": 3.8, "recon_count": 53211, "recon_amount": 2402062.44, "recon_commission": 91282.08, "recon_rate": 3.8, "contract_rate": 3.8, "amount_diff": 443.0, "deviation_percent": 0.02, "status": "ok"},
      {"month": "2025-12", "tx_count": 55801, "tx_amount": 2640073.45, "tx_commission": 100326.90, "tx_effective_rate": 3.8, "recon_count": 55801, "recon_amount": 2640073.45, "recon_commission": 100326.89, "recon_rate": 3.8, "contract_rate": 3.8, "amount_diff": 0, "deviation_percent": 0, "status": "ok"}
    ],
    "AUD": [
      {"month": "2025-01", "tx_count": 0, "tx_amount": 0, "tx_commission": 0, "tx_effective_rate": 0, "recon_count": null, "recon_amount": null, "recon_commission": null, "recon_rate": null, "contract_rate": 3.8, "amount_diff": null, "deviation_percent": null, "status": "empty"},
      {"month": "2025-02", "tx_count": 0, "tx_amount": 0, "tx_commission": 0, "tx_effective_rate": 0, "recon_count": null, "recon_amount": null, "recon_commission": null, "recon_rate": null, "contract_rate": 3.8, "amount_diff": null, "deviation_percent": null, "status": "empty"},
      {"month": "2025-03", "tx_count": 0, "tx_amount": 0, "tx_commission": 0, "tx_effective_rate": 0, "recon_count": null, "recon_amount": null, "recon_commission": null, "recon_rate": null, "contract_rate": 3.8, "amount_diff": null, "deviation_percent": null, "status": "empty"},
      {"month": "2025-04", "tx_count": 0, "tx_amount": 0, "tx_commission": 0, "tx_effective_rate": 0, "recon_count": null, "recon_amount": null, "recon_commission": null, "recon_rate": null, "contract_rate": 3.8, "amount_diff": null, "deviation_percent": null, "status": "empty"},
      {"month": "2025-05", "tx_count": 0, "tx_amount": 0, "tx_commission": 0, "tx_effective_rate": 0, "recon_count": null, "recon_amount": null, "recon_commission": null, "recon_rate": null, "contract_rate": 3.8, "amount_diff": null, "deviation_percent": null, "status": "empty"},
      {"month": "2025-06", "tx_count": 0, "tx_amount": 0, "tx_commission": 0, "tx_effective_rate": 0, "recon_count": null, "recon_amount": null, "recon_commission": null, "recon_rate": null, "contract_rate": 3.8, "amount_diff": null, "deviation_percent": null, "status": "empty"},
      {"month": "2025-07", "tx_count": 0, "tx_amount": 0, "tx_commission": 0, "tx_effective_rate": 0, "recon_count": null, "recon_amount": null, "recon_commission": null, "recon_rate": null, "contract_rate": 3.8, "amount_diff": null, "deviation_percent": null, "status": "empty"},
      {"month": "2025-08", "tx_count": 48504, "tx_amount": 3928693.07, "tx_commission": 149290.27, "tx_effective_rate": 3.8, "recon_count": 48504, "recon_amount": 3928693.07, "recon_commission": 149290.27, "recon_rate": 3.8, "contract_rate": 3.8, "amount_diff": 0, "deviation_percent": 0, "status": "ok"},
      {"month": "2025-09", "tx_count": 10000, "tx_amount": 511422.0, "tx_commission": 19434.04, "tx_effective_rate": 3.8, "recon_count": 10000, "recon_amount": 511422.0, "recon_commission": 19434.04, "recon_rate": 3.8, "contract_rate": 3.8, "amount_diff": 0, "deviation_percent": 0, "status": "ok"},
      {"month": "2025-10", "tx_count": 9865, "tx_amount": 677072.0, "tx_commission": 25728.74, "tx_effective_rate": 3.8, "recon_count": 9864, "recon_amount": 677022.0, "recon_commission": 25726.84, "recon_rate": 3.8, "contract_rate": 3.8, "amount_diff": 50, "deviation_percent": 0.01, "status": "ok"},
      {"month": "2025-11", "tx_count": 10030, "tx_amount": 660812.0, "tx_commission": 25110.86, "tx_effective_rate": 3.8, "recon_count": 10028, "recon_amount": 660762.0, "recon_commission": 25108.96, "recon_rate": 3.8, "contract_rate": 3.8, "amount_diff": 50, "deviation_percent": 0.01, "status": "ok"},
      {"month": "2025-12", "tx_count": 0, "tx_amount": 206375.0, "tx_commission": 7842.25, "tx_effective_rate": 3.8, "recon_count": 0, "recon_amount": 206375.0, "recon_commission": 7842.25, "recon_rate": 3.8, "contract_rate": 3.8, "amount_diff": 0, "deviation_percent": 0, "status": "ok"}
    ],
    "USD": [
      {"month": "2025-01", "tx_count": 0, "tx_amount": 0, "tx_commission": 0, "tx_effective_rate": 0, "recon_count": null, "recon_amount": null, "recon_commission": null, "recon_rate": null, "contract_rate": 3.8, "amount_diff": null, "deviation_percent": null, "status": "empty"},
      {"month": "2025-02", "tx_count": 0, "tx_amount": 0, "tx_commission": 0, "tx_effective_rate": 0, "recon_count": null, "recon_amount": null, "recon_commission": null, "recon_rate": null, "contract_rate": 3.8, "amount_diff": null, "deviation_percent": null, "status": "empty"},
      {"month": "2025-03", "tx_count": 0, "tx_amount": 0, "tx_commission": 0, "tx_effective_rate": 0, "recon_count": null, "recon_amount": null, "recon_commission": null, "recon_rate": null, "contract_rate": 3.8, "amount_diff": null, "deviation_percent": null, "status": "empty"},
      {"month": "2025-04", "tx_count": 0, "tx_amount": 0, "tx_commission": 0, "tx_effective_rate": 0, "recon_count": null, "recon_amount": null, "recon_commission": null, "recon_rate": null, "contract_rate": 3.8, "amount_diff": null, "deviation_percent": null, "status": "empty"},
      {"month": "2025-05", "tx_count": 0, "tx_amount": 0, "tx_commission": 0, "tx_effective_rate": 0, "recon_count": null, "recon_amount": null, "recon_commission": null, "recon_rate": null, "contract_rate": 3.8, "amount_diff": null, "deviation_percent": null, "status": "empty"},
      {"month": "2025-06", "tx_count": 0, "tx_amount": 0, "tx_commission": 0, "tx_effective_rate": 0, "recon_count": null, "recon_amount": null, "recon_commission": null, "recon_rate": null, "contract_rate": 3.8, "amount_diff": null, "deviation_percent": null, "status": "empty"},
      {"month": "2025-07", "tx_count": 0, "tx_amount": 0, "tx_commission": 0, "tx_effective_rate": 0, "recon_count": null, "recon_amount": null, "recon_commission": null, "recon_rate": null, "contract_rate": 3.8, "amount_diff": null, "deviation_percent": null, "status": "empty"},
      {"month": "2025-08", "tx_count": 20, "tx_amount": 781.52, "tx_commission": 29.70, "tx_effective_rate": 3.8, "recon_count": 20, "recon_amount": 781.52, "recon_commission": 29.70, "recon_rate": 3.8, "contract_rate": 3.8, "amount_diff": 0, "deviation_percent": 0, "status": "ok"},
      {"month": "2025-09", "tx_count": 50, "tx_amount": 1831.23, "tx_commission": 69.59, "tx_effective_rate": 3.8, "recon_count": 50, "recon_amount": 1831.23, "recon_commission": 69.59, "recon_rate": 3.8, "contract_rate": 3.8, "amount_diff": 0, "deviation_percent": 0, "status": "ok"},
      {"month": "2025-10", "tx_count": 161, "tx_amount": 6191.90, "tx_commission": 235.29, "tx_effective_rate": 3.8, "recon_count": 161, "recon_amount": 6191.90, "recon_commission": 235.29, "recon_rate": 3.8, "contract_rate": 3.8, "amount_diff": 0, "deviation_percent": 0, "status": "ok"},
      {"month": "2025-11", "tx_count": 31, "tx_amount": 1390.86, "tx_commission": 52.85, "tx_effective_rate": 3.8, "recon_count": 31, "recon_amount": 1390.86, "recon_commission": 52.85, "recon_rate": 3.8, "contract_rate": 3.8, "amount_diff": 0, "deviation_percent": 0, "status": "ok"},
      {"month": "2025-12", "tx_count": 19, "tx_amount": 763.57, "tx_commission": 29.02, "tx_effective_rate": 3.8, "recon_count": 19, "recon_amount": 763.57, "recon_commission": 29.02, "recon_rate": 3.8, "contract_rate": 3.8, "amount_diff": 0, "deviation_percent": 0, "status": "ok"}
    ]
  }
}