{
  "merchant_id": 17,
  "merchant_name": "SKINVEX LTD",
  "merchant_group": "SENDS",
  "company_name": "SKINVEX LTD",
  "kam": "Yuliia NIKULINA",
  "contract_id": "2025/1509-02",
  "transaction_count": 55996,
  "approved_count": 55996,
  "declined_count": 0,
  "acceptance_rate": 0,
  "total_amount_eur": 2922789.53,
  "total_commission_eur": 111067.64,
  "sale_count": 55996,
  "sale_amount": 2922789.53,
  "payout_count": 0,
  "payout_amount": 0.0,
  "reversal_count": 0,
  "reversal_amount": 0.0,
  "first_transaction_date": "",
  "partners": [
    "SENDS"
  ],
  "currency_breakdown": [],
  "monthly_reconciliation": [
    {
      "month": "2025-01",
      "tx_count": 0,
      "tx_amount": 0.0,
      "tx_commission": 0.0,
      "tx_effective_rate": 0.0,
      "recon_count": null,
      "recon_amount": null,
      "recon_commission": null,
      "recon_rate": null,
      "contract_rate": null,
      "amount_diff": null,
      "deviation_percent": null,
      "status": "empty"
    },
    {
      "month": "2025-02",
      "tx_count": 0,
      "tx_amount": 0.0,
      "tx_commission": 0.0,
      "tx_effective_rate": 0.0,
      "recon_count": null,
      "recon_amount": null,
      "recon_commission": null,
      "recon_rate": null,
      "contract_rate": null,
      "amount_diff": null,
      "deviation_percent": null,
      "status": "empty"
    },
    {
      "month": "2025-03",
      "tx_count": 0,
      "tx_amount": 0.0,
      "tx_commission": 0.0,
      "tx_effective_rate": 0.0,
      "recon_count": null,
      "recon_amount": null,
      "recon_commission": null,
      "recon_rate": null,
      "contract_rate": null,
      "amount_diff": null,
      "deviation_percent": null,
      "status": "empty"
    },
    {
      "month": "2025-04",
      "tx_count": 0,
      "tx_amount": 0.0,
      "tx_commission": 0.0,
      "tx_effective_rate": 0.0,
      "recon_count": null,
      "recon_amount": null,
      "recon_commission": null,
      "recon_rate": null,
      "contract_rate": null,
      "amount_diff": null,
      "deviation_percent": null,
      "status": "empty"
    },
    {
      "month": "2025-05",
      "tx_count": 0,
      "tx_amount": 0.0,
      "tx_commission": 0.0,
      "tx_effective_rate": 0.0,
      "recon_count": null,
      "recon_amount": null,
      "recon_commission": null,
      "recon_rate": null,
      "contract_rate": null,
      "amount_diff": null,
      "deviation_percent": null,
      "status": "empty"
    },
    {
      "month": "2025-06",
      "tx_count": 0,
      "tx_amount": 0.0,
      "tx_commission": 0.0,
      "tx_effective_rate": 0.0,
      "recon_count": null,
      "recon_amount": null,
      "recon_commission": null,
      "recon_rate": null,
      "contract_rate": null,
      "amount_diff": null,
      "deviation_percent": null,
      "status": "empty"
    },
    {
      "month": "2025-07",
      "tx_count": 0,
      "tx_amount": 0.0,
      "tx_commission": 0.0,
      "tx_effective_rate": 0.0,
      "recon_count": null,
      "recon_amount": null,
      "recon_commission": null,
      "recon_rate": null,
      "contract_rate": null,
      "amount_diff": null,
      "deviation_percent": null,
      "status": "empty"
    },
    {
      "month": "2025-08",
      "tx_count": 0,
      "tx_amount": 0.0,
      "tx_commission": 0.0,
      "tx_effective_rate": 0.0,
      "recon_count": null,
      "recon_amount": null,
      "recon_commission": null,
      "recon_rate": null,
      "contract_rate": null,
      "amount_diff": null,
      "deviation_percent": null,
      "status": "empty"
    },
    {
      "month": "2025-09",
      "tx_count": 0,
      "tx_amount": 0.0,
      "tx_commission": 0.0,
      "tx_effective_rate": 0.0,
      "recon_count": null,
      "recon_amount": null,
      "recon_commission": null,
      "recon_rate": null,
      "contract_rate": null,
      "amount_diff": null,
      "deviation_percent": null,
      "status": "empty"
    },
    {
      "month": "2025-10",
      "tx_count": 10777,
      "tx_amount": 515927.86,
      "tx_commission": 19606.86,
      "tx_effective_rate": 3.8003,
      "recon_count": 10784,
      "recon_amount": 516174.86,
      "recon_commission": 19616.18,
      "recon_rate": 3.8003,
      "contract_rate": 3.8,
      "amount_diff": -247.0,
      "deviation_percent": -0.05,
      "status": "ok"
    },
    {
      "month": "2025-11",
      "tx_count": 17118,
      "tx_amount": 856853.37,
      "tx_commission": 32561.59,
      "tx_effective_rate": 3.8001,
      "recon_count": 16448,
      "recon_amount": 811646.37,
      "recon_commission": 30843.79,
      "recon_rate": 3.8002,
      "contract_rate": 3.8,
      "amount_diff": 45207.0,
      "deviation_percent": 5.57,
      "status": "error"
    },
    {
      "month": "2025-12",
      "tx_count": 28101,
      "tx_amount": 1550008.3,
      "tx_commission": 58899.19,
      "tx_effective_rate": 3.7999,
      "recon_count": 20547,
      "recon_amount": 1030401.3,
      "recon_commission": 39154.15,
      "recon_rate": 3.7999,
      "contract_rate": 3.8,
      "amount_diff": 519607.0,
      "deviation_percent": 50.43,
      "status": "error"
    }
  ]
}