{
  "merchant_id": 19,
  "merchant_name": "WEBNORUS LIMITED",
  "merchant_group": "SENDS",
  "company_name": "WEBNORUS LIMITED",
  "kam": "Anastasiia Pervushyna",
  "contract_id": "0209-25",
  "transaction_count": 4234,
  "approved_count": 4234,
  "declined_count": 0,
  "acceptance_rate": 0,
  "total_amount_eur": 280271.43,
  "total_commission_eur": 10634.57,
  "sale_count": 4234,
  "sale_amount": 280271.43,
  "payout_count": 0,
  "payout_amount": 0.0,
  "reversal_count": 0,
  "reversal_amount": 0.0,
  "first_transaction_date": "",
  "partners": [
    "SENDS"
  ],
  "currency_breakdown": [],
  "monthly_reconciliation": [
    {
      "month": "2025-01",
      "tx_count": 0,
      "tx_amount": 0.0,
      "tx_commission": 0.0,
      "tx_effective_rate": 0.0,
      "recon_count": null,
      "recon_amount": null,
      "recon_commission": null,
      "recon_rate": null,
      "contract_rate": null,
      "amount_diff": null,
      "deviation_percent": null,
      "status": "empty"
    },
    {
      "month": "2025-02",
      "tx_count": 0,
      "tx_amount": 0.0,
      "tx_commission": 0.0,
      "tx_effective_rate": 0.0,
      "recon_count": null,
      "recon_amount": null,
      "recon_commission": null,
      "recon_rate": null,
      "contract_rate": null,
      "amount_diff": null,
      "deviation_percent": null,
      "status": "empty"
    },
    {
      "month": "2025-03",
      "tx_count": 0,
      "tx_amount": 0.0,
      "tx_commission": 0.0,
      "tx_effective_rate": 0.0,
      "recon_count": null,
      "recon_amount": null,
      "recon_commission": null,
      "recon_rate": null,
      "contract_rate": null,
      "amount_diff": null,
      "deviation_percent": null,
      "status": "empty"
    },
    {
      "month": "2025-04",
      "tx_count": 0,
      "tx_amount": 0.0,
      "tx_commission": 0.0,
      "tx_effective_rate": 0.0,
      "recon_count": null,
      "recon_amount": null,
      "recon_commission": null,
      "recon_rate": null,
      "contract_rate": null,
      "amount_diff": null,
      "deviation_percent": null,
      "status": "empty"
    },
    {
      "month": "2025-05",
      "tx_count": 0,
      "tx_amount": 0.0,
      "tx_commission": 0.0,
      "tx_effective_rate": 0.0,
      "recon_count": null,
      "recon_amount": null,
      "recon_commission": null,
      "recon_rate": null,
      "contract_rate": null,
      "amount_diff": null,
      "deviation_percent": null,
      "status": "empty"
    },
    {
      "month": "2025-06",
      "tx_count": 0,
      "tx_amount": 0.0,
      "tx_commission": 0.0,
      "tx_effective_rate": 0.0,
      "recon_count": null,
      "recon_amount": null,
      "recon_commission": null,
      "recon_rate": null,
      "contract_rate": null,
      "amount_diff": null,
      "deviation_percent": null,
      "status": "empty"
    },
    {
      "month": "2025-07",
      "tx_count": 0,
      "tx_amount": 0.0,
      "tx_commission": 0.0,
      "tx_effective_rate": 0.0,
      "recon_count": null,
      "recon_amount": null,
      "recon_commission": null,
      "recon_rate": null,
      "contract_rate": null,
      "amount_diff": null,
      "deviation_percent": null,
      "status": "empty"
    },
    {
      "month": "2025-08",
      "tx_count": 0,
      "tx_amount": 0.0,
      "tx_commission": 0.0,
      "tx_effective_rate": 0.0,
      "recon_count": null,
      "recon_amount": null,
      "recon_commission": null,
      "recon_rate": null,
      "contract_rate": null,
      "amount_diff": null,
      "deviation_percent": null,
      "status": "empty"
    },
    {
      "month": "2025-09",
      "tx_count": 0,
      "tx_amount": 0.0,
      "tx_commission": 0.0,
      "tx_effective_rate": 0.0,
      "recon_count": null,
      "recon_amount": null,
      "recon_commission": null,
      "recon_rate": null,
      "contract_rate": null,
      "amount_diff": null,
      "deviation_percent": null,
      "status": "empty"
    },
    {
      "month": "2025-10",
      "tx_count": 7,
      "tx_amount": 415.98,
      "tx_commission": 0.0,
      "tx_effective_rate": 0.0,
      "recon_count": null,
      "recon_amount": null,
      "recon_commission": null,
      "recon_rate": null,
      "contract_rate": null,
      "amount_diff": null,
      "deviation_percent": null,
      "status": "missing"
    },
    {
      "month": "2025-11",
      "tx_count": 1436,
      "tx_amount": 83289.01,
      "tx_commission": 3164.89,
      "tx_effective_rate": 3.7999,
      "recon_count": null,
      "recon_amount": null,
      "recon_commission": null,
      "recon_rate": null,
      "contract_rate": null,
      "amount_diff": null,
      "deviation_percent": null,
      "status": "missing"
    },
    {
      "month": "2025-12",
      "tx_count": 2791,
      "tx_amount": 196566.44,
      "tx_commission": 7469.68,
      "tx_effective_rate": 3.8001,
      "recon_count": null,
      "recon_amount": null,
      "recon_commission": null,
      "recon_rate": null,
      "contract_rate": null,
      "amount_diff": null,
      "deviation_percent": null,
      "status": "missing"
    }
  ]
}