{
  "merchant_id": 2,
  "merchant_name": "AIMSKINZ LIMITED",
  "merchant_group": "SENDS",
  "company_name": "AIMSKINZ LIMITED",
  "kam": "ZHUKOVA, Olena",
  "contract_id": "01/08-01",
  "transaction_count": 206350,
  "approved_count": 206350,
  "declined_count": 0,
  "acceptance_rate": 0,
  "total_amount_eur": 15854959.72,
  "total_commission_eur": 578177.38,
  "sale_count": 206350,
  "sale_amount": 15854959.72,
  "payout_count": 0,
  "payout_amount": 0.0,
  "reversal_count": 0,
  "reversal_amount": 0.0,
  "first_transaction_date": "",
  "partners": [
    "SENDS"
  ],
  "currency_breakdown": [],
  "monthly_reconciliation": [
    {
      "month": "2025-01",
      "tx_count": 0,
      "tx_amount": 0.0,
      "tx_commission": 0.0,
      "tx_effective_rate": 0.0,
      "recon_count": null,
      "recon_amount": null,
      "recon_commission": null,
      "recon_rate": null,
      "contract_rate": null,
      "amount_diff": null,
      "deviation_percent": null,
      "status": "empty"
    },
    {
      "month": "2025-02",
      "tx_count": 0,
      "tx_amount": 0.0,
      "tx_commission": 0.0,
      "tx_effective_rate": 0.0,
      "recon_count": null,
      "recon_amount": null,
      "recon_commission": null,
      "recon_rate": null,
      "contract_rate": null,
      "amount_diff": null,
      "deviation_percent": null,
      "status": "empty"
    },
    {
      "month": "2025-03",
      "tx_count": 0,
      "tx_amount": 0.0,
      "tx_commission": 0.0,
      "tx_effective_rate": 0.0,
      "recon_count": null,
      "recon_amount": null,
      "recon_commission": null,
      "recon_rate": null,
      "contract_rate": null,
      "amount_diff": null,
      "deviation_percent": null,
      "status": "empty"
    },
    {
      "month": "2025-04",
      "tx_count": 0,
      "tx_amount": 0.0,
      "tx_commission": 0.0,
      "tx_effective_rate": 0.0,
      "recon_count": null,
      "recon_amount": null,
      "recon_commission": null,
      "recon_rate": null,
      "contract_rate": null,
      "amount_diff": null,
      "deviation_percent": null,
      "status": "empty"
    },
    {
      "month": "2025-05",
      "tx_count": 0,
      "tx_amount": 0.0,
      "tx_commission": 0.0,
      "tx_effective_rate": 0.0,
      "recon_count": null,
      "recon_amount": null,
      "recon_commission": null,
      "recon_rate": null,
      "contract_rate": null,
      "amount_diff": null,
      "deviation_percent": null,
      "status": "empty"
    },
    {
      "month": "2025-06",
      "tx_count": 0,
      "tx_amount": 0.0,
      "tx_commission": 0.0,
      "tx_effective_rate": 0.0,
      "recon_count": null,
      "recon_amount": null,
      "recon_commission": null,
      "recon_rate": null,
      "contract_rate": null,
      "amount_diff": null,
      "deviation_percent": null,
      "status": "empty"
    },
    {
      "month": "2025-07",
      "tx_count": 0,
      "tx_amount": 0.0,
      "tx_commission": 0.0,
      "tx_effective_rate": 0.0,
      "recon_count": null,
      "recon_amount": null,
      "recon_commission": null,
      "recon_rate": null,
      "contract_rate": null,
      "amount_diff": null,
      "deviation_percent": null,
      "status": "empty"
    },
    {
      "month": "2025-08",
      "tx_count": 5818,
      "tx_amount": 553442.24,
      "tx_commission": 21030.99,
      "tx_effective_rate": 3.8,
      "recon_count": 2,
      "recon_amount": 10.0,
      "recon_commission": 0.38,
      "recon_rate": 3.8,
      "contract_rate": 3.8,
      "amount_diff": 553432.24,
      "deviation_percent": 5534322.4,
      "status": "error"
    },
    {
      "month": "2025-09",
      "tx_count": 61477,
      "tx_amount": 4379358.33,
      "tx_commission": 166391.85,
      "tx_effective_rate": 3.7995,
      "recon_count": 19555,
      "recon_amount": 962006.84,
      "recon_commission": 36538.95,
      "recon_rate": 3.7982,
      "contract_rate": 3.8,
      "amount_diff": 3417351.49,
      "deviation_percent": 355.23,
      "status": "error"
    },
    {
      "month": "2025-10",
      "tx_count": 82287,
      "tx_amount": 5912319.68,
      "tx_commission": 216791.05,
      "tx_effective_rate": 3.6668,
      "recon_count": 24401,
      "recon_amount": 1188861.8,
      "recon_commission": 45153.9,
      "recon_rate": 3.7981,
      "contract_rate": 3.8,
      "amount_diff": 4723457.88,
      "deviation_percent": 397.31,
      "status": "error"
    },
    {
      "month": "2025-11",
      "tx_count": 46522,
      "tx_amount": 4086589.0,
      "tx_commission": 141839.06,
      "tx_effective_rate": 3.4708,
      "recon_count": 5524,
      "recon_amount": 262181.42,
      "recon_commission": 9958.89,
      "recon_rate": 3.7985,
      "contract_rate": 3.8,
      "amount_diff": 3824407.58,
      "deviation_percent": 1458.69,
      "status": "error"
    },
    {
      "month": "2025-12",
      "tx_count": 10246,
      "tx_amount": 923250.47,
      "tx_commission": 32124.43,
      "tx_effective_rate": 3.4795,
      "recon_count": 1423,
      "recon_amount": 65228.89,
      "recon_commission": 2478.99,
      "recon_rate": 3.8004,
      "contract_rate": 3.8,
      "amount_diff": 858021.58,
      "deviation_percent": 1315.4,
      "status": "error"
    }
  ]
}