{
  "merchant_id": 2,
  "merchant_name": "AIMSKINZ LIMITED",
  "merchant_group": "SENDS",
  "company_name": "AIMSKINZ LIMITED",
  "kam": "ZHUKOVA, Olena",
  "contract_id": "01/08-01",
  "transaction_count": 202818,
  "approved_count": 202818,
  "declined_count": 0,
  "acceptance_rate": 100.0,
  "total_amount_eur": 14805948.72,
  "total_commission_eur": 562594.74,
  "sale_count": 202818,
  "sale_amount": 14805948.72,
  "payout_count": 0,
  "payout_amount": 0.0,
  "reversal_count": 0,
  "reversal_amount": 0.0,
  "first_transaction_date": "",
  "partners": ["SENDS"],
  "currency_breakdown": [
    {"currency": "AUD", "cnt": 149852, "amount": 11285811.91},
    {"currency": "EUR", "cnt": 50929, "amount": 2481083.36},
    {"currency": "NOK", "cnt": 2037, "amount": 1039053.45}
  ],
  "monthly_reconciliation": {
    "EUR": [
      {"month": "2025-01", "tx_count": 0, "tx_amount": 0, "tx_commission": 0, "tx_effective_rate": 0, "recon_count": null, "recon_amount": null, "recon_commission": null, "recon_rate": null, "contract_rate": 3.8, "amount_diff": null, "deviation_percent": null, "status": "empty"},
      {"month": "2025-02", "tx_count": 0, "tx_amount": 0, "tx_commission": 0, "tx_effective_rate": 0, "recon_count": null, "recon_amount": null, "recon_commission": null, "recon_rate": null, "contract_rate": 3.8, "amount_diff": null, "deviation_percent": null, "status": "empty"},
      {"month": "2025-03", "tx_count": 0, "tx_amount": 0, "tx_commission": 0, "tx_effective_rate": 0, "recon_count": null, "recon_amount": null, "recon_commission": null, "recon_rate": null, "contract_rate": 3.8, "amount_diff": null, "deviation_percent": null, "status": "empty"},
      {"month": "2025-04", "tx_count": 0, "tx_amount": 0, "tx_commission": 0, "tx_effective_rate": 0, "recon_count": null, "recon_amount": null, "recon_commission": null, "recon_rate": null, "contract_rate": 3.8, "amount_diff": null, "deviation_percent": null, "status": "empty"},
      {"month": "2025-05", "tx_count": 0, "tx_amount": 0, "tx_commission": 0, "tx_effective_rate": 0, "recon_count": null, "recon_amount": null, "recon_commission": null, "recon_rate": null, "contract_rate": 3.8, "amount_diff": null, "deviation_percent": null, "status": "empty"},
      {"month": "2025-06", "tx_count": 0, "tx_amount": 0, "tx_commission": 0, "tx_effective_rate": 0, "recon_count": null, "recon_amount": null, "recon_commission": null, "recon_rate": null, "contract_rate": 3.8, "amount_diff": null, "deviation_percent": null, "status": "empty"},
      {"month": "2025-07", "tx_count": 0, "tx_amount": 0, "tx_commission": 0, "tx_effective_rate": 0, "recon_count": null, "recon_amount": null, "recon_commission": null, "recon_rate": null, "contract_rate": 3.8, "amount_diff": null, "deviation_percent": null, "status": "empty"},
      {"month": "2025-08", "tx_count": 2, "tx_amount": 10.0, "tx_commission": 0.38, "tx_effective_rate": 3.8, "recon_count": 2, "recon_amount": 10.0, "recon_commission": 0.38, "recon_rate": 3.8, "contract_rate": 3.8, "amount_diff": 0, "deviation_percent": 0, "status": "ok"},
      {"month": "2025-09", "tx_count": 19569, "tx_amount": 963298.94, "tx_commission": 36608.95, "tx_effective_rate": 3.8, "recon_count": 19555, "recon_amount": 962006.84, "recon_commission": 36538.95, "recon_rate": 3.8, "contract_rate": 3.8, "amount_diff": 1292.10, "deviation_percent": 0.13, "status": "ok"},
      {"month": "2025-10", "tx_count": 24411, "tx_amount": 1190364.11, "tx_commission": 45203.90, "tx_effective_rate": 3.8, "recon_count": 24401, "recon_amount": 1188861.80, "recon_commission": 45153.90, "recon_rate": 3.8, "contract_rate": 3.8, "amount_diff": 1502.31, "deviation_percent": 0.13, "status": "ok"},
      {"month": "2025-11", "tx_count": 5524, "tx_amount": 262181.42, "tx_commission": 9958.89, "tx_effective_rate": 3.8, "recon_count": 5524, "recon_amount": 262181.42, "recon_commission": 9958.89, "recon_rate": 3.8, "contract_rate": 3.8, "amount_diff": 0, "deviation_percent": 0, "status": "ok"},
      {"month": "2025-12", "tx_count": 1423, "tx_amount": 65228.89, "tx_commission": 2478.99, "tx_effective_rate": 3.8, "recon_count": 1423, "recon_amount": 65228.89, "recon_commission": 2478.99, "recon_rate": 3.8, "contract_rate": 3.8, "amount_diff": 0, "deviation_percent": 0, "status": "ok"}
    ],
    "AUD": [
      {"month": "2025-01", "tx_count": 0, "tx_amount": 0, "tx_commission": 0, "tx_effective_rate": 0, "recon_count": null, "recon_amount": null, "recon_commission": null, "recon_rate": null, "contract_rate": 3.8, "amount_diff": null, "deviation_percent": null, "status": "empty"},
      {"month": "2025-02", "tx_count": 0, "tx_amount": 0, "tx_commission": 0, "tx_effective_rate": 0, "recon_count": null, "recon_amount": null, "recon_commission": null, "recon_rate": null, "contract_rate": 3.8, "amount_diff": null, "deviation_percent": null, "status": "empty"},
      {"month": "2025-03", "tx_count": 0, "tx_amount": 0, "tx_commission": 0, "tx_effective_rate": 0, "recon_count": null, "recon_amount": null, "recon_commission": null, "recon_rate": null, "contract_rate": 3.8, "amount_diff": null, "deviation_percent": null, "status": "empty"},
      {"month": "2025-04", "tx_count": 0, "tx_amount": 0, "tx_commission": 0, "tx_effective_rate": 0, "recon_count": null, "recon_amount": null, "recon_commission": null, "recon_rate": null, "contract_rate": 3.8, "amount_diff": null, "deviation_percent": null, "status": "empty"},
      {"month": "2025-05", "tx_count": 0, "tx_amount": 0, "tx_commission": 0, "tx_effective_rate": 0, "recon_count": null, "recon_amount": null, "recon_commission": null, "recon_rate": null, "contract_rate": 3.8, "amount_diff": null, "deviation_percent": null, "status": "empty"},
      {"month": "2025-06", "tx_count": 0, "tx_amount": 0, "tx_commission": 0, "tx_effective_rate": 0, "recon_count": null, "recon_amount": null, "recon_commission": null, "recon_rate": null, "contract_rate": 3.8, "amount_diff": null, "deviation_percent": null, "status": "empty"},
      {"month": "2025-07", "tx_count": 0, "tx_amount": 0, "tx_commission": 0, "tx_effective_rate": 0, "recon_count": null, "recon_amount": null, "recon_commission": null, "recon_rate": null, "contract_rate": 3.8, "amount_diff": null, "deviation_percent": null, "status": "empty"},
      {"month": "2025-08", "tx_count": 5598, "tx_amount": 460400.79, "tx_commission": 17495.41, "tx_effective_rate": 3.8, "recon_count": 5598, "recon_amount": 460400.79, "recon_commission": 17495.41, "recon_rate": 3.8, "contract_rate": 3.8, "amount_diff": 0, "deviation_percent": 0, "status": "ok"},
      {"month": "2025-09", "tx_count": 41436, "tx_amount": 3221689.23, "tx_commission": 122424.99, "tx_effective_rate": 3.8, "recon_count": 41436, "recon_amount": 3221689.23, "recon_commission": 122424.99, "recon_rate": 3.8, "contract_rate": 3.8, "amount_diff": 0, "deviation_percent": 0, "status": "ok"},
      {"month": "2025-10", "tx_count": 56319, "tx_amount": 4093983.62, "tx_commission": 155568.86, "tx_effective_rate": 3.8, "recon_count": 56316, "recon_amount": 4093511.12, "recon_commission": 155553.86, "recon_rate": 3.8, "contract_rate": 3.8, "amount_diff": 472.50, "deviation_percent": 0.01, "status": "ok"},
      {"month": "2025-11", "tx_count": 38617, "tx_amount": 2927590.38, "tx_commission": 111248.62, "tx_effective_rate": 3.8, "recon_count": 38617, "recon_amount": 2927590.38, "recon_commission": 111248.61, "recon_rate": 3.8, "contract_rate": 3.8, "amount_diff": 0, "deviation_percent": 0, "status": "ok"},
      {"month": "2025-12", "tx_count": 7882, "tx_amount": 582147.89, "tx_commission": 22121.82, "tx_effective_rate": 3.8, "recon_count": 7882, "recon_amount": 582147.89, "recon_commission": 22121.82, "recon_rate": 3.8, "contract_rate": 3.8, "amount_diff": 0, "deviation_percent": 0, "status": "ok"}
    ],
    "NOK": [
      {"month": "2025-01", "tx_count": 0, "tx_amount": 0, "tx_commission": 0, "tx_effective_rate": 0, "recon_count": null, "recon_amount": null, "recon_commission": null, "recon_rate": null, "contract_rate": 3.8, "amount_diff": null, "deviation_percent": null, "status": "empty"},
      {"month": "2025-02", "tx_count": 0, "tx_amount": 0, "tx_commission": 0, "tx_effective_rate": 0, "recon_count": null, "recon_amount": null, "recon_commission": null, "recon_rate": null, "contract_rate": 3.8, "amount_diff": null, "deviation_percent": null, "status": "empty"},
      {"month": "2025-03", "tx_count": 0, "tx_amount": 0, "tx_commission": 0, "tx_effective_rate": 0, "recon_count": null, "recon_amount": null, "recon_commission": null, "recon_rate": null, "contract_rate": 3.8, "amount_diff": null, "deviation_percent": null, "status": "empty"},
      {"month": "2025-04", "tx_count": 0, "tx_amount": 0, "tx_commission": 0, "tx_effective_rate": 0, "recon_count": null, "recon_amount": null, "recon_commission": null, "recon_rate": null, "contract_rate": 3.8, "amount_diff": null, "deviation_percent": null, "status": "empty"},
      {"month": "2025-05", "tx_count": 0, "tx_amount": 0, "tx_commission": 0, "tx_effective_rate": 0, "recon_count": null, "recon_amount": null, "recon_commission": null, "recon_rate": null, "contract_rate": 3.8, "amount_diff": null, "deviation_percent": null, "status": "empty"},
      {"month": "2025-06", "tx_count": 0, "tx_amount": 0, "tx_commission": 0, "tx_effective_rate": 0, "recon_count": null, "recon_amount": null, "recon_commission": null, "recon_rate": null, "contract_rate": 3.8, "amount_diff": null, "deviation_percent": null, "status": "empty"},
      {"month": "2025-07", "tx_count": 0, "tx_amount": 0, "tx_commission": 0, "tx_effective_rate": 0, "recon_count": null, "recon_amount": null, "recon_commission": null, "recon_rate": null, "contract_rate": 3.8, "amount_diff": null, "deviation_percent": null, "status": "empty"},
      {"month": "2025-08", "tx_count": 218, "tx_amount": 93031.45, "tx_commission": 3535.20, "tx_effective_rate": 3.8, "recon_count": 194, "recon_amount": 93031.45, "recon_commission": 3535.20, "recon_rate": 3.8, "contract_rate": 3.8, "amount_diff": 0, "deviation_percent": 0, "status": "ok"},
      {"month": "2025-09", "tx_count": 498, "tx_amount": 196764.36, "tx_commission": 7477.00, "tx_effective_rate": 3.8, "recon_count": 498, "recon_amount": 196764.36, "recon_commission": 7477.00, "recon_rate": 3.8, "contract_rate": 3.8, "amount_diff": 0, "deviation_percent": 0, "status": "ok"},
      {"month": "2025-10", "tx_count": 548, "tx_amount": 289931.99, "tx_commission": 11017.40, "tx_effective_rate": 3.8, "recon_count": 548, "recon_amount": 289931.99, "recon_commission": 11017.40, "recon_rate": 3.8, "contract_rate": 3.8, "amount_diff": 0, "deviation_percent": 0, "status": "ok"},
      {"month": "2025-11", "tx_count": 539, "tx_amount": 312129.24, "tx_commission": 11860.90, "tx_effective_rate": 3.8, "recon_count": 539, "recon_amount": 312129.24, "recon_commission": 11860.90, "recon_rate": 3.8, "contract_rate": 3.8, "amount_diff": 0, "deviation_percent": 0, "status": "ok"},
      {"month": "2025-12", "tx_count": 234, "tx_amount": 147196.41, "tx_commission": 5593.43, "tx_effective_rate": 3.8, "recon_count": 234, "recon_amount": 147196.41, "recon_commission": 5593.43, "recon_rate": 3.8, "contract_rate": 3.8, "amount_diff": 0, "deviation_percent": 0, "status": "ok"}
    ]
  }
}
