{
  "merchant_id": 20,
  "monthly_reconciliation": {
    "EUR": [
      {
        "month": "2025-01",
        "tx_count": 0,
        "tx_amount": 0,
        "tx_commission": 0,
        "tx_effective_rate": 0,
        "recon_count": null,
        "recon_amount": null,
        "recon_commission": null,
        "recon_rate": null,
        "contract_rate": 2.5,
        "amount_diff": null,
        "deviation_percent": null,
        "status": "empty"
      },
      {
        "month": "2025-02",
        "tx_count": 0,
        "tx_amount": 0,
        "tx_commission": 0,
        "tx_effective_rate": 0,
        "recon_count": null,
        "recon_amount": null,
        "recon_commission": null,
        "recon_rate": null,
        "contract_rate": 2.5,
        "amount_diff": null,
        "deviation_percent": null,
        "status": "empty"
      },
      {
        "month": "2025-03",
        "tx_count": 0,
        "tx_amount": 0,
        "tx_commission": 0,
        "tx_effective_rate": 0,
        "recon_count": null,
        "recon_amount": null,
        "recon_commission": null,
        "recon_rate": null,
        "contract_rate": 2.5,
        "amount_diff": null,
        "deviation_percent": null,
        "status": "empty"
      },
      {
        "month": "2025-04",
        "tx_count": 0,
        "tx_amount": 0,
        "tx_commission": 0,
        "tx_effective_rate": 0,
        "recon_count": null,
        "recon_amount": null,
        "recon_commission": null,
        "recon_rate": null,
        "contract_rate": 2.5,
        "amount_diff": null,
        "deviation_percent": null,
        "status": "empty"
      },
      {
        "month": "2025-05",
        "tx_count": 0,
        "tx_amount": 0,
        "tx_commission": 0,
        "tx_effective_rate": 0,
        "recon_count": null,
        "recon_amount": null,
        "recon_commission": null,
        "recon_rate": null,
        "contract_rate": 2.5,
        "amount_diff": null,
        "deviation_percent": null,
        "status": "empty"
      },
      {
        "month": "2025-06",
        "tx_count": 0,
        "tx_amount": 0,
        "tx_commission": 0,
        "tx_effective_rate": 0,
        "recon_count": null,
        "recon_amount": null,
        "recon_commission": null,
        "recon_rate": null,
        "contract_rate": 2.5,
        "amount_diff": null,
        "deviation_percent": null,
        "status": "empty"
      },
      {
        "month": "2025-07",
        "tx_count": 0,
        "tx_amount": 0,
        "tx_commission": 0,
        "tx_effective_rate": 0,
        "recon_count": null,
        "recon_amount": null,
        "recon_commission": null,
        "recon_rate": null,
        "contract_rate": 2.5,
        "amount_diff": null,
        "deviation_percent": null,
        "status": "empty"
      },
      {
        "month": "2025-08",
        "tx_count": 0,
        "tx_amount": 0,
        "tx_commission": 0,
        "tx_effective_rate": 0,
        "recon_count": null,
        "recon_amount": null,
        "recon_commission": null,
        "recon_rate": null,
        "contract_rate": 2.5,
        "amount_diff": null,
        "deviation_percent": null,
        "status": "empty"
      },
      {
        "month": "2025-09",
        "tx_count": 2,
        "tx_amount": 2.0,
        "tx_commission": 5.04,
        "tx_effective_rate": 252.0,
        "recon_count": 1,
        "recon_amount": 1.0,
        "recon_commission": 0.04,
        "recon_rate": 4.0,
        "contract_rate": 2.5,
        "amount_diff": 1.0,
        "deviation_percent": 100.0,
        "status": "error"
      },
      {
        "month": "2025-10",
        "tx_count": 0,
        "tx_amount": 0.0,
        "tx_commission": 0.0,
        "tx_effective_rate": 0,
        "recon_count": null,
        "recon_amount": null,
        "recon_commission": null,
        "recon_rate": null,
        "contract_rate": 2.5,
        "amount_diff": null,
        "deviation_percent": null,
        "status": "empty"
      },
      {
        "month": "2025-11",
        "tx_count": 1436,
        "tx_amount": 83289.01,
        "tx_commission": 3164.89,
        "tx_effective_rate": 3.7999,
        "recon_count": 1436,
        "recon_amount": 83289.01,
        "recon_commission": 3164.89,
        "recon_rate": 3.7999,
        "contract_rate": 2.5,
        "amount_diff": 0.0,
        "deviation_percent": 0.0,
        "status": "ok"
      },
      {
        "month": "2025-12",
        "tx_count": 2791,
        "tx_amount": 196566.44,
        "tx_commission": 7469.68,
        "tx_effective_rate": 3.8001,
        "recon_count": 2791,
        "recon_amount": 196566.44,
        "recon_commission": 7469.68,
        "recon_rate": 3.8001,
        "contract_rate": 2.5,
        "amount_diff": 0.0,
        "deviation_percent": 0.0,
        "status": "ok"
      }
    ],
    "ALL": [
      {
        "month": "2025-01",
        "tx_count": 0,
        "tx_amount": 0,
        "tx_commission": 0,
        "tx_effective_rate": 0,
        "recon_count": null,
        "recon_amount": null,
        "recon_commission": null,
        "recon_rate": null,
        "contract_rate": 2.5,
        "amount_diff": null,
        "deviation_percent": null,
        "status": "empty"
      },
      {
        "month": "2025-02",
        "tx_count": 0,
        "tx_amount": 0,
        "tx_commission": 0,
        "tx_effective_rate": 0,
        "recon_count": null,
        "recon_amount": null,
        "recon_commission": null,
        "recon_rate": null,
        "contract_rate": 2.5,
        "amount_diff": null,
        "deviation_percent": null,
        "status": "empty"
      },
      {
        "month": "2025-03",
        "tx_count": 0,
        "tx_amount": 0,
        "tx_commission": 0,
        "tx_effective_rate": 0,
        "recon_count": null,
        "recon_amount": null,
        "recon_commission": null,
        "recon_rate": null,
        "contract_rate": 2.5,
        "amount_diff": null,
        "deviation_percent": null,
        "status": "empty"
      },
      {
        "month": "2025-04",
        "tx_count": 0,
        "tx_amount": 0,
        "tx_commission": 0,
        "tx_effective_rate": 0,
        "recon_count": null,
        "recon_amount": null,
        "recon_commission": null,
        "recon_rate": null,
        "contract_rate": 2.5,
        "amount_diff": null,
        "deviation_percent": null,
        "status": "empty"
      },
      {
        "month": "2025-05",
        "tx_count": 0,
        "tx_amount": 0,
        "tx_commission": 0,
        "tx_effective_rate": 0,
        "recon_count": null,
        "recon_amount": null,
        "recon_commission": null,
        "recon_rate": null,
        "contract_rate": 2.5,
        "amount_diff": null,
        "deviation_percent": null,
        "status": "empty"
      },
      {
        "month": "2025-06",
        "tx_count": 0,
        "tx_amount": 0,
        "tx_commission": 0,
        "tx_effective_rate": 0,
        "recon_count": null,
        "recon_amount": null,
        "recon_commission": null,
        "recon_rate": null,
        "contract_rate": 2.5,
        "amount_diff": null,
        "deviation_percent": null,
        "status": "empty"
      },
      {
        "month": "2025-07",
        "tx_count": 0,
        "tx_amount": 0,
        "tx_commission": 0,
        "tx_effective_rate": 0,
        "recon_count": null,
        "recon_amount": null,
        "recon_commission": null,
        "recon_rate": null,
        "contract_rate": 2.5,
        "amount_diff": null,
        "deviation_percent": null,
        "status": "empty"
      },
      {
        "month": "2025-08",
        "tx_count": 0,
        "tx_amount": 0,
        "tx_commission": 0,
        "tx_effective_rate": 0,
        "recon_count": null,
        "recon_amount": null,
        "recon_commission": null,
        "recon_rate": null,
        "contract_rate": 2.5,
        "amount_diff": null,
        "deviation_percent": null,
        "status": "empty"
      },
      {
        "month": "2025-09",
        "tx_count": 0,
        "tx_amount": 0,
        "tx_commission": 0,
        "tx_effective_rate": 0,
        "recon_count": null,
        "recon_amount": null,
        "recon_commission": null,
        "recon_rate": null,
        "contract_rate": 2.5,
        "amount_diff": null,
        "deviation_percent": null,
        "status": "empty"
      },
      {
        "month": "2025-10",
        "tx_count": 7,
        "tx_amount": 415.98,
        "tx_commission": 0.0,
        "tx_effective_rate": 0.0,
        "recon_count": null,
        "recon_amount": null,
        "recon_commission": null,
        "recon_rate": null,
        "contract_rate": 2.5,
        "amount_diff": null,
        "deviation_percent": null,
        "status": "missing"
      },
      {
        "month": "2025-11",
        "tx_count": 0,
        "tx_amount": 0.0,
        "tx_commission": 0.0,
        "tx_effective_rate": 0,
        "recon_count": null,
        "recon_amount": null,
        "recon_commission": null,
        "recon_rate": null,
        "contract_rate": 2.5,
        "amount_diff": null,
        "deviation_percent": null,
        "status": "empty"
      },
      {
        "month": "2025-12",
        "tx_count": 0,
        "tx_amount": 0.0,
        "tx_commission": 0.0,
        "tx_effective_rate": 0,
        "recon_count": null,
        "recon_amount": null,
        "recon_commission": null,
        "recon_rate": null,
        "contract_rate": 2.5,
        "amount_diff": null,
        "deviation_percent": null,
        "status": "empty"
      }
    ]
  }
}