{
  "merchant_id": 3,
  "merchant_name": "ARTEFACTAX LIMITED",
  "merchant_group": "SENDS",
  "company_name": "ARTEFACTAX LIMITED",
  "kam": "Yuliia NIKULINA",
  "contract_id": "2025/2411-01",
  "transaction_count": 179,
  "approved_count": 179,
  "declined_count": 0,
  "acceptance_rate": 100.0,
  "total_amount_eur": 9328.0,
  "total_commission_eur": 354.4,
  "sale_count": 179,
  "sale_amount": 9328.0,
  "payout_count": 0,
  "payout_amount": 0.0,
  "reversal_count": 0,
  "reversal_amount": 0.0,
  "first_transaction_date": "",
  "partners": [
    "SENDS"
  ],
  "currency_breakdown": [
    {
      "currency": "EUR",
      "cnt": 0,
      "amount": 0.0
    },
    {
      "currency": "USD",
      "cnt": 0,
      "amount": 0.0
    },
    {
      "currency": "AUD",
      "cnt": 0,
      "amount": 0.0
    }
  ],
  "monthly_reconciliation": [
    {
      "month": "2025-01",
      "tx_count": 0,
      "tx_amount": 0.0,
      "tx_commission": 0.0,
      "tx_effective_rate": 0.0,
      "recon_count": null,
      "recon_amount": null,
      "recon_commission": null,
      "recon_rate": null,
      "contract_rate": null,
      "amount_diff": null,
      "deviation_percent": null,
      "status": "empty"
    },
    {
      "month": "2025-02",
      "tx_count": 0,
      "tx_amount": 0.0,
      "tx_commission": 0.0,
      "tx_effective_rate": 0.0,
      "recon_count": null,
      "recon_amount": null,
      "recon_commission": null,
      "recon_rate": null,
      "contract_rate": null,
      "amount_diff": null,
      "deviation_percent": null,
      "status": "empty"
    },
    {
      "month": "2025-03",
      "tx_count": 0,
      "tx_amount": 0.0,
      "tx_commission": 0.0,
      "tx_effective_rate": 0.0,
      "recon_count": null,
      "recon_amount": null,
      "recon_commission": null,
      "recon_rate": null,
      "contract_rate": null,
      "amount_diff": null,
      "deviation_percent": null,
      "status": "empty"
    },
    {
      "month": "2025-04",
      "tx_count": 0,
      "tx_amount": 0.0,
      "tx_commission": 0.0,
      "tx_effective_rate": 0.0,
      "recon_count": null,
      "recon_amount": null,
      "recon_commission": null,
      "recon_rate": null,
      "contract_rate": null,
      "amount_diff": null,
      "deviation_percent": null,
      "status": "empty"
    },
    {
      "month": "2025-05",
      "tx_count": 0,
      "tx_amount": 0.0,
      "tx_commission": 0.0,
      "tx_effective_rate": 0.0,
      "recon_count": null,
      "recon_amount": null,
      "recon_commission": null,
      "recon_rate": null,
      "contract_rate": null,
      "amount_diff": null,
      "deviation_percent": null,
      "status": "empty"
    },
    {
      "month": "2025-06",
      "tx_count": 0,
      "tx_amount": 0.0,
      "tx_commission": 0.0,
      "tx_effective_rate": 0.0,
      "recon_count": null,
      "recon_amount": null,
      "recon_commission": null,
      "recon_rate": null,
      "contract_rate": null,
      "amount_diff": null,
      "deviation_percent": null,
      "status": "empty"
    },
    {
      "month": "2025-07",
      "tx_count": 0,
      "tx_amount": 0.0,
      "tx_commission": 0.0,
      "tx_effective_rate": 0.0,
      "recon_count": null,
      "recon_amount": null,
      "recon_commission": null,
      "recon_rate": null,
      "contract_rate": null,
      "amount_diff": null,
      "deviation_percent": null,
      "status": "empty"
    },
    {
      "month": "2025-08",
      "tx_count": 0,
      "tx_amount": 0.0,
      "tx_commission": 0.0,
      "tx_effective_rate": 0.0,
      "recon_count": null,
      "recon_amount": null,
      "recon_commission": null,
      "recon_rate": null,
      "contract_rate": null,
      "amount_diff": null,
      "deviation_percent": null,
      "status": "empty"
    },
    {
      "month": "2025-09",
      "tx_count": 0,
      "tx_amount": 0.0,
      "tx_commission": 0.0,
      "tx_effective_rate": 0.0,
      "recon_count": null,
      "recon_amount": null,
      "recon_commission": null,
      "recon_rate": null,
      "contract_rate": null,
      "amount_diff": null,
      "deviation_percent": null,
      "status": "empty"
    },
    {
      "month": "2025-10",
      "tx_count": 0,
      "tx_amount": 0.0,
      "tx_commission": 0.0,
      "tx_effective_rate": 0.0,
      "recon_count": null,
      "recon_amount": null,
      "recon_commission": null,
      "recon_rate": null,
      "contract_rate": null,
      "amount_diff": null,
      "deviation_percent": null,
      "status": "empty"
    },
    {
      "month": "2025-11",
      "tx_count": 0,
      "tx_amount": 0.0,
      "tx_commission": 0.0,
      "tx_effective_rate": 0.0,
      "recon_count": null,
      "recon_amount": null,
      "recon_commission": null,
      "recon_rate": null,
      "contract_rate": null,
      "amount_diff": null,
      "deviation_percent": null,
      "status": "empty"
    },
    {
      "month": "2025-12",
      "tx_count": 179,
      "tx_amount": 9328.0,
      "tx_commission": 354.4,
      "tx_effective_rate": 3.7993,
      "recon_count": 148,
      "recon_amount": 6466.13,
      "recon_commission": 245.66,
      "recon_rate": 3.7992,
      "contract_rate": 3.8,
      "amount_diff": 2861.87,
      "deviation_percent": 44.26,
      "status": "error"
    }
  ]
}