{
  "merchant_id": 4,
  "merchant_name": "ARTIMATTER LIMITED",
  "merchant_group": "SENDS",
  "company_name": "ARTIMATTER LIMITED",
  "kam": "Yuliia NIKULINA",
  "contract_id": "2025/2309-01",
  "transaction_count": 75287,
  "approved_count": 75287,
  "declined_count": 1,
  "acceptance_rate": 100.0,
  "total_amount_eur": 3683857.06,
  "total_commission_eur": 139986.1,
  "sale_count": 75287,
  "sale_amount": 3683857.06,
  "payout_count": 0,
  "payout_amount": 0.0,
  "reversal_count": 1,
  "reversal_amount": 0.0,
  "first_transaction_date": "",
  "partners": ["SENDS"],
  "currency_breakdown": [
    {"currency": "EUR", "cnt": 75287, "amount": 3683857.06}
  ],
  "monthly_reconciliation": {
    "EUR": [
      {"month": "2025-01", "tx_count": 0, "tx_amount": 0, "tx_commission": 0, "tx_effective_rate": 0, "recon_count": null, "recon_amount": null, "recon_commission": null, "recon_rate": null, "contract_rate": 3.8, "amount_diff": null, "deviation_percent": null, "status": "empty"},
      {"month": "2025-02", "tx_count": 0, "tx_amount": 0, "tx_commission": 0, "tx_effective_rate": 0, "recon_count": null, "recon_amount": null, "recon_commission": null, "recon_rate": null, "contract_rate": 3.8, "amount_diff": null, "deviation_percent": null, "status": "empty"},
      {"month": "2025-03", "tx_count": 0, "tx_amount": 0, "tx_commission": 0, "tx_effective_rate": 0, "recon_count": null, "recon_amount": null, "recon_commission": null, "recon_rate": null, "contract_rate": 3.8, "amount_diff": null, "deviation_percent": null, "status": "empty"},
      {"month": "2025-04", "tx_count": 0, "tx_amount": 0, "tx_commission": 0, "tx_effective_rate": 0, "recon_count": null, "recon_amount": null, "recon_commission": null, "recon_rate": null, "contract_rate": 3.8, "amount_diff": null, "deviation_percent": null, "status": "empty"},
      {"month": "2025-05", "tx_count": 0, "tx_amount": 0, "tx_commission": 0, "tx_effective_rate": 0, "recon_count": null, "recon_amount": null, "recon_commission": null, "recon_rate": null, "contract_rate": 3.8, "amount_diff": null, "deviation_percent": null, "status": "empty"},
      {"month": "2025-06", "tx_count": 0, "tx_amount": 0, "tx_commission": 0, "tx_effective_rate": 0, "recon_count": null, "recon_amount": null, "recon_commission": null, "recon_rate": null, "contract_rate": 3.8, "amount_diff": null, "deviation_percent": null, "status": "empty"},
      {"month": "2025-07", "tx_count": 0, "tx_amount": 0, "tx_commission": 0, "tx_effective_rate": 0, "recon_count": null, "recon_amount": null, "recon_commission": null, "recon_rate": null, "contract_rate": 3.8, "amount_diff": null, "deviation_percent": null, "status": "empty"},
      {"month": "2025-08", "tx_count": 0, "tx_amount": 0, "tx_commission": 0, "tx_effective_rate": 0, "recon_count": null, "recon_amount": null, "recon_commission": null, "recon_rate": null, "contract_rate": 3.8, "amount_diff": null, "deviation_percent": null, "status": "empty"},
      {"month": "2025-09", "tx_count": 0, "tx_amount": 0, "tx_commission": 0, "tx_effective_rate": 0, "recon_count": null, "recon_amount": null, "recon_commission": null, "recon_rate": null, "contract_rate": 3.8, "amount_diff": null, "deviation_percent": null, "status": "empty"},
      {"month": "2025-10", "tx_count": 6978, "tx_amount": 308491.14, "tx_commission": 11722.51, "tx_effective_rate": 3.8, "recon_count": 6978, "recon_amount": 308491.14, "recon_commission": 11722.51, "recon_rate": 3.8, "contract_rate": 3.8, "amount_diff": 0, "deviation_percent": 0, "status": "ok"},
      {"month": "2025-11", "tx_count": 18431, "tx_amount": 892233.5, "tx_commission": 33904.74, "tx_effective_rate": 3.8, "recon_count": 18431, "recon_amount": 892233.5, "recon_commission": 33904.74, "recon_rate": 3.8, "contract_rate": 3.8, "amount_diff": 0, "deviation_percent": 0, "status": "ok"},
      {"month": "2025-12", "tx_count": 49878, "tx_amount": 2483132.42, "tx_commission": 94358.85, "tx_effective_rate": 3.8, "recon_count": 49878, "recon_amount": 2483132.42, "recon_commission": 94358.85, "recon_rate": 3.8, "contract_rate": 3.8, "amount_diff": 0, "deviation_percent": 0, "status": "ok"}
    ]
  }
}
