{
  "merchant_id": 5,
  "merchant_name": "BLOGWIZARRO LTD",
  "merchant_group": "SENDS",
  "company_name": "BLOGWIZARRO LTD",
  "kam": "Anastasiia Pervushyna",
  "contract_id": "0206-25",
  "transaction_count": 543653,
  "approved_count": 543653,
  "declined_count": 1,
  "acceptance_rate": 99.98,
  "total_amount_eur": 64429288.69,
  "total_commission_eur": 0.0,
  "sale_count": 543653,
  "sale_amount": 64429288.69,
  "payout_count": 0,
  "payout_amount": 0.0,
  "reversal_count": 1,
  "reversal_amount": 0.0,
  "first_transaction_date": "",
  "partners": [
    "SENDS"
  ],
  "currency_breakdown": [
    {
      "currency": "EUR",
      "cnt": 0,
      "amount": 0.0
    }
  ],
  "monthly_reconciliation": [
    {
      "month": "2025-01",
      "tx_count": 0,
      "tx_amount": 0.0,
      "tx_commission": 0.0,
      "tx_effective_rate": 0.0,
      "recon_count": null,
      "recon_amount": null,
      "recon_commission": null,
      "recon_rate": null,
      "contract_rate": null,
      "amount_diff": null,
      "deviation_percent": null,
      "status": "empty"
    },
    {
      "month": "2025-02",
      "tx_count": 0,
      "tx_amount": 0.0,
      "tx_commission": 0.0,
      "tx_effective_rate": 0.0,
      "recon_count": null,
      "recon_amount": null,
      "recon_commission": null,
      "recon_rate": null,
      "contract_rate": null,
      "amount_diff": null,
      "deviation_percent": null,
      "status": "empty"
    },
    {
      "month": "2025-03",
      "tx_count": 0,
      "tx_amount": 0.0,
      "tx_commission": 0.0,
      "tx_effective_rate": 0.0,
      "recon_count": null,
      "recon_amount": null,
      "recon_commission": null,
      "recon_rate": null,
      "contract_rate": null,
      "amount_diff": null,
      "deviation_percent": null,
      "status": "empty"
    },
    {
      "month": "2025-04",
      "tx_count": 0,
      "tx_amount": 0.0,
      "tx_commission": 0.0,
      "tx_effective_rate": 0.0,
      "recon_count": null,
      "recon_amount": null,
      "recon_commission": null,
      "recon_rate": null,
      "contract_rate": null,
      "amount_diff": null,
      "deviation_percent": null,
      "status": "empty"
    },
    {
      "month": "2025-05",
      "tx_count": 0,
      "tx_amount": 0.0,
      "tx_commission": 0.0,
      "tx_effective_rate": 0.0,
      "recon_count": null,
      "recon_amount": null,
      "recon_commission": null,
      "recon_rate": null,
      "contract_rate": null,
      "amount_diff": null,
      "deviation_percent": null,
      "status": "empty"
    },
    {
      "month": "2025-06",
      "tx_count": 83494,
      "tx_amount": 4634843.19,
      "tx_commission": 0.0,
      "tx_effective_rate": 0.0,
      "recon_count": 64454,
      "recon_amount": 2828250.55,
      "recon_commission": 99042.25,
      "recon_rate": 3.5019,
      "contract_rate": 3.8,
      "amount_diff": 1806592.64,
      "deviation_percent": 63.88,
      "status": "error"
    },
    {
      "month": "2025-07",
      "tx_count": 398301,
      "tx_amount": 55352961.44,
      "tx_commission": 0.0,
      "tx_effective_rate": 0.0,
      "recon_count": 153804,
      "recon_amount": 7843132.82,
      "recon_commission": 289486.87,
      "recon_rate": 3.691,
      "contract_rate": 3.8,
      "amount_diff": 47509828.62,
      "deviation_percent": 605.75,
      "status": "error"
    },
    {
      "month": "2025-08",
      "tx_count": 61828,
      "tx_amount": 4447663.3,
      "tx_commission": 0.0,
      "tx_effective_rate": 0.0,
      "recon_count": 19874,
      "recon_amount": 1056114.76,
      "recon_commission": 40126.36,
      "recon_rate": 3.7994,
      "contract_rate": 3.8,
      "amount_diff": 3391548.54,
      "deviation_percent": 321.13,
      "status": "error"
    },
    {
      "month": "2025-09",
      "tx_count": 6,
      "tx_amount": -210.24,
      "tx_commission": 0.0,
      "tx_effective_rate": 0.0,
      "recon_count": 0,
      "recon_amount": 0.0,
      "recon_commission": 0.0,
      "recon_rate": null,
      "contract_rate": 3.8,
      "amount_diff": null,
      "deviation_percent": null,
      "status": "empty"
    },
    {
      "month": "2025-10",
      "tx_count": 0,
      "tx_amount": 0.0,
      "tx_commission": 0.0,
      "tx_effective_rate": 0.0,
      "recon_count": null,
      "recon_amount": null,
      "recon_commission": null,
      "recon_rate": null,
      "contract_rate": null,
      "amount_diff": null,
      "deviation_percent": null,
      "status": "empty"
    },
    {
      "month": "2025-11",
      "tx_count": 24,
      "tx_amount": -5969.0,
      "tx_commission": 0.0,
      "tx_effective_rate": 0.0,
      "recon_count": null,
      "recon_amount": null,
      "recon_commission": null,
      "recon_rate": null,
      "contract_rate": null,
      "amount_diff": null,
      "deviation_percent": null,
      "status": "empty"
    },
    {
      "month": "2025-12",
      "tx_count": 0,
      "tx_amount": 0.0,
      "tx_commission": 0.0,
      "tx_effective_rate": 0.0,
      "recon_count": null,
      "recon_amount": null,
      "recon_commission": null,
      "recon_rate": null,
      "contract_rate": null,
      "amount_diff": null,
      "deviation_percent": null,
      "status": "empty"
    }
  ]
}