{
  "merchant_id": 5,
  "merchant_name": "BLOGWIZARRO LTD",
  "merchant_group": "SENDS",
  "company_name": "BLOGWIZARRO LTD",
  "kam": "Anastasiia Pervushyna",
  "contract_id": "0206-25",
  "transaction_count": 543653,
  "approved_count": 543653,
  "declined_count": 1,
  "acceptance_rate": 99.98,
  "total_amount_eur": 64429288.69,
  "total_commission_eur": 0.0,
  "sale_count": 543653,
  "sale_amount": 64429288.69,
  "payout_count": 0,
  "payout_amount": 0.0,
  "reversal_count": 1,
  "reversal_amount": 0.0,
  "first_transaction_date": "",
  "partners": ["SENDS"],
  "currency_breakdown": [
    {"currency": "EUR", "cnt": 238266, "amount": 11720391.53},
    {"currency": "AUD", "cnt": 303851, "amount": 24589718.25},
    {"currency": "NOK", "cnt": 678, "amount": 411695.43},
    {"currency": "GBP", "cnt": 838, "amount": 36771.76}
  ],
  "monthly_reconciliation": {
    "EUR": [
      {"month": "2025-01", "tx_count": 0, "tx_amount": 0, "tx_commission": 0, "tx_effective_rate": 0, "recon_count": null, "recon_amount": null, "recon_commission": null, "recon_rate": null, "contract_rate": 3.5, "amount_diff": null, "deviation_percent": null, "status": "empty"},
      {"month": "2025-02", "tx_count": 0, "tx_amount": 0, "tx_commission": 0, "tx_effective_rate": 0, "recon_count": null, "recon_amount": null, "recon_commission": null, "recon_rate": null, "contract_rate": 3.5, "amount_diff": null, "deviation_percent": null, "status": "empty"},
      {"month": "2025-03", "tx_count": 0, "tx_amount": 0, "tx_commission": 0, "tx_effective_rate": 0, "recon_count": null, "recon_amount": null, "recon_commission": null, "recon_rate": null, "contract_rate": 3.5, "amount_diff": null, "deviation_percent": null, "status": "empty"},
      {"month": "2025-04", "tx_count": 0, "tx_amount": 0, "tx_commission": 0, "tx_effective_rate": 0, "recon_count": null, "recon_amount": null, "recon_commission": null, "recon_rate": null, "contract_rate": 3.5, "amount_diff": null, "deviation_percent": null, "status": "empty"},
      {"month": "2025-05", "tx_count": 0, "tx_amount": 0, "tx_commission": 0, "tx_effective_rate": 0, "recon_count": null, "recon_amount": null, "recon_commission": null, "recon_rate": null, "contract_rate": 3.5, "amount_diff": null, "deviation_percent": null, "status": "empty"},
      {"month": "2025-06", "tx_count": 64455, "tx_amount": 2828249.55, "tx_commission": 99047.25, "tx_effective_rate": 3.5, "recon_count": 64454, "recon_amount": 2828250.55, "recon_commission": 99042.25, "recon_rate": 3.5, "contract_rate": 3.5, "amount_diff": -1.0, "deviation_percent": 0, "status": "ok"},
      {"month": "2025-07", "tx_count": 153819, "tx_amount": 7842442.49, "tx_commission": 289561.87, "tx_effective_rate": 3.69, "recon_count": 153804, "recon_amount": 7843132.82, "recon_commission": 289486.87, "recon_rate": 3.69, "contract_rate": 3.5, "amount_diff": -690.33, "deviation_percent": 0.01, "status": "ok"},
      {"month": "2025-08", "tx_count": 19981, "tx_amount": 1050109.73, "tx_commission": 40661.36, "tx_effective_rate": 3.87, "recon_count": 19874, "recon_amount": 1056114.76, "recon_commission": 40126.36, "recon_rate": 3.8, "contract_rate": 3.5, "amount_diff": -6005.03, "deviation_percent": 0.57, "status": "ok"},
      {"month": "2025-09", "tx_count": 6, "tx_amount": -210.24, "tx_commission": 30.0, "tx_effective_rate": 0, "recon_count": null, "recon_amount": null, "recon_commission": null, "recon_rate": null, "contract_rate": 3.5, "amount_diff": null, "deviation_percent": null, "status": "missing"},
      {"month": "2025-10", "tx_count": 0, "tx_amount": 0, "tx_commission": 0, "tx_effective_rate": 0, "recon_count": null, "recon_amount": null, "recon_commission": null, "recon_rate": null, "contract_rate": 3.5, "amount_diff": null, "deviation_percent": null, "status": "empty"},
      {"month": "2025-11", "tx_count": 24, "tx_amount": -5969.0, "tx_commission": 120.0, "tx_effective_rate": 0, "recon_count": null, "recon_amount": null, "recon_commission": null, "recon_rate": null, "contract_rate": 3.5, "amount_diff": null, "deviation_percent": null, "status": "missing"},
      {"month": "2025-12", "tx_count": 0, "tx_amount": 0, "tx_commission": 0, "tx_effective_rate": 0, "recon_count": null, "recon_amount": null, "recon_commission": null, "recon_rate": null, "contract_rate": 3.5, "amount_diff": null, "deviation_percent": null, "status": "empty"}
    ],
    "AUD": [
      {"month": "2025-01", "tx_count": 0, "tx_amount": 0, "tx_commission": 0, "tx_effective_rate": 0, "recon_count": null, "recon_amount": null, "recon_commission": null, "recon_rate": null, "contract_rate": 3.5, "amount_diff": null, "deviation_percent": null, "status": "empty"},
      {"month": "2025-02", "tx_count": 0, "tx_amount": 0, "tx_commission": 0, "tx_effective_rate": 0, "recon_count": null, "recon_amount": null, "recon_commission": null, "recon_rate": null, "contract_rate": 3.5, "amount_diff": null, "deviation_percent": null, "status": "empty"},
      {"month": "2025-03", "tx_count": 0, "tx_amount": 0, "tx_commission": 0, "tx_effective_rate": 0, "recon_count": null, "recon_amount": null, "recon_commission": null, "recon_rate": null, "contract_rate": 3.5, "amount_diff": null, "deviation_percent": null, "status": "empty"},
      {"month": "2025-04", "tx_count": 0, "tx_amount": 0, "tx_commission": 0, "tx_effective_rate": 0, "recon_count": null, "recon_amount": null, "recon_commission": null, "recon_rate": null, "contract_rate": 3.5, "amount_diff": null, "deviation_percent": null, "status": "empty"},
      {"month": "2025-05", "tx_count": 0, "tx_amount": 0, "tx_commission": 0, "tx_effective_rate": 0, "recon_count": null, "recon_amount": null, "recon_commission": null, "recon_rate": null, "contract_rate": 3.5, "amount_diff": null, "deviation_percent": null, "status": "empty"},
      {"month": "2025-06", "tx_count": 18942, "tx_amount": 1743091.87, "tx_commission": 61013.8, "tx_effective_rate": 3.5, "recon_count": 18942, "recon_amount": 1743091.87, "recon_commission": 61013.8, "recon_rate": 3.5, "contract_rate": 3.5, "amount_diff": 0, "deviation_percent": 0, "status": "ok"},
      {"month": "2025-07", "tx_count": 243381, "tx_amount": 19500920.17, "tx_commission": 728964.78, "tx_effective_rate": 3.74, "recon_count": 243380, "recon_amount": 19500970.17, "recon_commission": 728964.78, "recon_rate": 3.74, "contract_rate": 3.5, "amount_diff": -50.0, "deviation_percent": 0, "status": "ok"},
      {"month": "2025-08", "tx_count": 41528, "tx_amount": 3345706.21, "tx_commission": 127136.64, "tx_effective_rate": 3.8, "recon_count": 41528, "recon_amount": 3345706.21, "recon_commission": 127136.64, "recon_rate": 3.8, "contract_rate": 3.5, "amount_diff": 0, "deviation_percent": 0, "status": "ok"},
      {"month": "2025-09", "tx_count": 0, "tx_amount": 0, "tx_commission": 0, "tx_effective_rate": 0, "recon_count": null, "recon_amount": null, "recon_commission": null, "recon_rate": null, "contract_rate": 3.5, "amount_diff": null, "deviation_percent": null, "status": "empty"},
      {"month": "2025-10", "tx_count": 0, "tx_amount": 0, "tx_commission": 0, "tx_effective_rate": 0, "recon_count": null, "recon_amount": null, "recon_commission": null, "recon_rate": null, "contract_rate": 3.5, "amount_diff": null, "deviation_percent": null, "status": "empty"},
      {"month": "2025-11", "tx_count": 0, "tx_amount": 0, "tx_commission": 0, "tx_effective_rate": 0, "recon_count": null, "recon_amount": null, "recon_commission": null, "recon_rate": null, "contract_rate": 3.5, "amount_diff": null, "deviation_percent": null, "status": "empty"},
      {"month": "2025-12", "tx_count": 0, "tx_amount": 0, "tx_commission": 0, "tx_effective_rate": 0, "recon_count": null, "recon_amount": null, "recon_commission": null, "recon_rate": null, "contract_rate": 3.5, "amount_diff": null, "deviation_percent": null, "status": "empty"}
    ],
    "NOK": [
      {"month": "2025-01", "tx_count": 0, "tx_amount": 0, "tx_commission": 0, "tx_effective_rate": 0, "recon_count": null, "recon_amount": null, "recon_commission": null, "recon_rate": null, "contract_rate": 3.5, "amount_diff": null, "deviation_percent": null, "status": "empty"},
      {"month": "2025-02", "tx_count": 0, "tx_amount": 0, "tx_commission": 0, "tx_effective_rate": 0, "recon_count": null, "recon_amount": null, "recon_commission": null, "recon_rate": null, "contract_rate": 3.5, "amount_diff": null, "deviation_percent": null, "status": "empty"},
      {"month": "2025-03", "tx_count": 0, "tx_amount": 0, "tx_commission": 0, "tx_effective_rate": 0, "recon_count": null, "recon_amount": null, "recon_commission": null, "recon_rate": null, "contract_rate": 3.5, "amount_diff": null, "deviation_percent": null, "status": "empty"},
      {"month": "2025-04", "tx_count": 0, "tx_amount": 0, "tx_commission": 0, "tx_effective_rate": 0, "recon_count": null, "recon_amount": null, "recon_commission": null, "recon_rate": null, "contract_rate": 3.5, "amount_diff": null, "deviation_percent": null, "status": "empty"},
      {"month": "2025-05", "tx_count": 0, "tx_amount": 0, "tx_commission": 0, "tx_effective_rate": 0, "recon_count": null, "recon_amount": null, "recon_commission": null, "recon_rate": null, "contract_rate": 3.5, "amount_diff": null, "deviation_percent": null, "status": "empty"},
      {"month": "2025-06", "tx_count": 97, "tx_amount": 63501.77, "tx_commission": 2222.57, "tx_effective_rate": 3.5, "recon_count": 97, "recon_amount": 63501.77, "recon_commission": 2222.57, "recon_rate": 3.5, "contract_rate": 3.5, "amount_diff": 0, "deviation_percent": 0, "status": "ok"},
      {"month": "2025-07", "tx_count": 539, "tx_amount": 307581.59, "tx_commission": 11417.52, "tx_effective_rate": 3.71, "recon_count": 539, "recon_amount": 307581.59, "recon_commission": 11417.52, "recon_rate": 3.71, "contract_rate": 3.5, "amount_diff": 0, "deviation_percent": 0, "status": "ok"},
      {"month": "2025-08", "tx_count": 42, "tx_amount": 40612.07, "tx_commission": 1543.27, "tx_effective_rate": 3.8, "recon_count": null, "recon_amount": null, "recon_commission": null, "recon_rate": null, "contract_rate": 3.5, "amount_diff": null, "deviation_percent": null, "status": "missing"},
      {"month": "2025-09", "tx_count": 0, "tx_amount": 0, "tx_commission": 0, "tx_effective_rate": 0, "recon_count": null, "recon_amount": null, "recon_commission": null, "recon_rate": null, "contract_rate": 3.5, "amount_diff": null, "deviation_percent": null, "status": "empty"},
      {"month": "2025-10", "tx_count": 0, "tx_amount": 0, "tx_commission": 0, "tx_effective_rate": 0, "recon_count": null, "recon_amount": null, "recon_commission": null, "recon_rate": null, "contract_rate": 3.5, "amount_diff": null, "deviation_percent": null, "status": "empty"},
      {"month": "2025-11", "tx_count": 0, "tx_amount": 0, "tx_commission": 0, "tx_effective_rate": 0, "recon_count": null, "recon_amount": null, "recon_commission": null, "recon_rate": null, "contract_rate": 3.5, "amount_diff": null, "deviation_percent": null, "status": "empty"},
      {"month": "2025-12", "tx_count": 0, "tx_amount": 0, "tx_commission": 0, "tx_effective_rate": 0, "recon_count": null, "recon_amount": null, "recon_commission": null, "recon_rate": null, "contract_rate": 3.5, "amount_diff": null, "deviation_percent": null, "status": "empty"}
    ],
    "GBP": [
      {"month": "2025-01", "tx_count": 0, "tx_amount": 0, "tx_commission": 0, "tx_effective_rate": 0, "recon_count": null, "recon_amount": null, "recon_commission": null, "recon_rate": null, "contract_rate": 3.5, "amount_diff": null, "deviation_percent": null, "status": "empty"},
      {"month": "2025-02", "tx_count": 0, "tx_amount": 0, "tx_commission": 0, "tx_effective_rate": 0, "recon_count": null, "recon_amount": null, "recon_commission": null, "recon_rate": null, "contract_rate": 3.5, "amount_diff": null, "deviation_percent": null, "status": "empty"},
      {"month": "2025-03", "tx_count": 0, "tx_amount": 0, "tx_commission": 0, "tx_effective_rate": 0, "recon_count": null, "recon_amount": null, "recon_commission": null, "recon_rate": null, "contract_rate": 3.5, "amount_diff": null, "deviation_percent": null, "status": "empty"},
      {"month": "2025-04", "tx_count": 0, "tx_amount": 0, "tx_commission": 0, "tx_effective_rate": 0, "recon_count": null, "recon_amount": null, "recon_commission": null, "recon_rate": null, "contract_rate": 3.5, "amount_diff": null, "deviation_percent": null, "status": "empty"},
      {"month": "2025-05", "tx_count": 0, "tx_amount": 0, "tx_commission": 0, "tx_effective_rate": 0, "recon_count": null, "recon_amount": null, "recon_commission": null, "recon_rate": null, "contract_rate": 3.5, "amount_diff": null, "deviation_percent": null, "status": "empty"},
      {"month": "2025-06", "tx_count": 0, "tx_amount": 0, "tx_commission": 0, "tx_effective_rate": 0, "recon_count": null, "recon_amount": null, "recon_commission": null, "recon_rate": null, "contract_rate": 3.5, "amount_diff": null, "deviation_percent": null, "status": "empty"},
      {"month": "2025-07", "tx_count": 561, "tx_amount": 25536.47, "tx_commission": 970.61, "tx_effective_rate": 3.8, "recon_count": 561, "recon_amount": 25536.47, "recon_commission": 970.61, "recon_rate": 3.8, "contract_rate": 3.5, "amount_diff": 0, "deviation_percent": 0, "status": "ok"},
      {"month": "2025-08", "tx_count": 277, "tx_amount": 11235.29, "tx_commission": 427.11, "tx_effective_rate": 3.8, "recon_count": 277, "recon_amount": 11235.29, "recon_commission": 427.11, "recon_rate": 3.8, "contract_rate": 3.5, "amount_diff": 0, "deviation_percent": 0, "status": "ok"},
      {"month": "2025-09", "tx_count": 0, "tx_amount": 0, "tx_commission": 0, "tx_effective_rate": 0, "recon_count": null, "recon_amount": null, "recon_commission": null, "recon_rate": null, "contract_rate": 3.5, "amount_diff": null, "deviation_percent": null, "status": "empty"},
      {"month": "2025-10", "tx_count": 0, "tx_amount": 0, "tx_commission": 0, "tx_effective_rate": 0, "recon_count": null, "recon_amount": null, "recon_commission": null, "recon_rate": null, "contract_rate": 3.5, "amount_diff": null, "deviation_percent": null, "status": "empty"},
      {"month": "2025-11", "tx_count": 0, "tx_amount": 0, "tx_commission": 0, "tx_effective_rate": 0, "recon_count": null, "recon_amount": null, "recon_commission": null, "recon_rate": null, "contract_rate": 3.5, "amount_diff": null, "deviation_percent": null, "status": "empty"},
      {"month": "2025-12", "tx_count": 0, "tx_amount": 0, "tx_commission": 0, "tx_effective_rate": 0, "recon_count": null, "recon_amount": null, "recon_commission": null, "recon_rate": null, "contract_rate": 3.5, "amount_diff": null, "deviation_percent": null, "status": "empty"}
    ]
  }
}
