{
  "merchant_id": 6,
  "merchant_name": "DEVALENIUS LTD",
  "merchant_group": "SENDS",
  "company_name": "DEVALENIUS LTD",
  "kam": "Yuliia NIKULINA",
  "contract_id": "2025/1510-01",
  "transaction_count": 6428,
  "approved_count": 6428,
  "declined_count": 0,
  "acceptance_rate": 100.0,
  "total_amount_eur": 371414.82,
  "total_commission_eur": 14114.22,
  "sale_count": 6428,
  "sale_amount": 371414.82,
  "payout_count": 0,
  "payout_amount": 0.0,
  "reversal_count": 0,
  "reversal_amount": 0.0,
  "first_transaction_date": "",
  "partners": [
    "SENDS"
  ],
  "currency_breakdown": [
    {
      "currency": "EUR",
      "cnt": 0,
      "amount": 0.0
    }
  ],
  "monthly_reconciliation": [
    {
      "month": "2025-01",
      "tx_count": 0,
      "tx_amount": 0.0,
      "tx_commission": 0.0,
      "tx_effective_rate": 0.0,
      "recon_count": null,
      "recon_amount": null,
      "recon_commission": null,
      "recon_rate": null,
      "contract_rate": null,
      "amount_diff": null,
      "deviation_percent": null,
      "status": "empty"
    },
    {
      "month": "2025-02",
      "tx_count": 0,
      "tx_amount": 0.0,
      "tx_commission": 0.0,
      "tx_effective_rate": 0.0,
      "recon_count": null,
      "recon_amount": null,
      "recon_commission": null,
      "recon_rate": null,
      "contract_rate": null,
      "amount_diff": null,
      "deviation_percent": null,
      "status": "empty"
    },
    {
      "month": "2025-03",
      "tx_count": 0,
      "tx_amount": 0.0,
      "tx_commission": 0.0,
      "tx_effective_rate": 0.0,
      "recon_count": null,
      "recon_amount": null,
      "recon_commission": null,
      "recon_rate": null,
      "contract_rate": null,
      "amount_diff": null,
      "deviation_percent": null,
      "status": "empty"
    },
    {
      "month": "2025-04",
      "tx_count": 0,
      "tx_amount": 0.0,
      "tx_commission": 0.0,
      "tx_effective_rate": 0.0,
      "recon_count": null,
      "recon_amount": null,
      "recon_commission": null,
      "recon_rate": null,
      "contract_rate": null,
      "amount_diff": null,
      "deviation_percent": null,
      "status": "empty"
    },
    {
      "month": "2025-05",
      "tx_count": 0,
      "tx_amount": 0.0,
      "tx_commission": 0.0,
      "tx_effective_rate": 0.0,
      "recon_count": null,
      "recon_amount": null,
      "recon_commission": null,
      "recon_rate": null,
      "contract_rate": null,
      "amount_diff": null,
      "deviation_percent": null,
      "status": "empty"
    },
    {
      "month": "2025-06",
      "tx_count": 0,
      "tx_amount": 0.0,
      "tx_commission": 0.0,
      "tx_effective_rate": 0.0,
      "recon_count": null,
      "recon_amount": null,
      "recon_commission": null,
      "recon_rate": null,
      "contract_rate": null,
      "amount_diff": null,
      "deviation_percent": null,
      "status": "empty"
    },
    {
      "month": "2025-07",
      "tx_count": 0,
      "tx_amount": 0.0,
      "tx_commission": 0.0,
      "tx_effective_rate": 0.0,
      "recon_count": null,
      "recon_amount": null,
      "recon_commission": null,
      "recon_rate": null,
      "contract_rate": null,
      "amount_diff": null,
      "deviation_percent": null,
      "status": "empty"
    },
    {
      "month": "2025-08",
      "tx_count": 0,
      "tx_amount": 0.0,
      "tx_commission": 0.0,
      "tx_effective_rate": 0.0,
      "recon_count": null,
      "recon_amount": null,
      "recon_commission": null,
      "recon_rate": null,
      "contract_rate": null,
      "amount_diff": null,
      "deviation_percent": null,
      "status": "empty"
    },
    {
      "month": "2025-09",
      "tx_count": 0,
      "tx_amount": 0.0,
      "tx_commission": 0.0,
      "tx_effective_rate": 0.0,
      "recon_count": null,
      "recon_amount": null,
      "recon_commission": null,
      "recon_rate": null,
      "contract_rate": null,
      "amount_diff": null,
      "deviation_percent": null,
      "status": "empty"
    },
    {
      "month": "2025-10",
      "tx_count": 1135,
      "tx_amount": 52044.97,
      "tx_commission": 1978.49,
      "tx_effective_rate": 3.8015,
      "recon_count": 1035,
      "recon_amount": 44615.97,
      "recon_commission": 1696.19,
      "recon_rate": 3.8018,
      "contract_rate": 3.8,
      "amount_diff": 7429.0,
      "deviation_percent": 16.65,
      "status": "error"
    },
    {
      "month": "2025-11",
      "tx_count": 5258,
      "tx_amount": 318463.21,
      "tx_commission": 12101.26,
      "tx_effective_rate": 3.7999,
      "recon_count": 3051,
      "recon_amount": 131702.69,
      "recon_commission": 5004.47,
      "recon_rate": 3.7998,
      "contract_rate": 3.8,
      "amount_diff": 186760.52,
      "deviation_percent": 141.8,
      "status": "error"
    },
    {
      "month": "2025-12",
      "tx_count": 35,
      "tx_amount": 906.64,
      "tx_commission": 34.47,
      "tx_effective_rate": 3.802,
      "recon_count": 35,
      "recon_amount": 906.64,
      "recon_commission": 34.47,
      "recon_rate": 3.802,
      "contract_rate": 3.8,
      "amount_diff": 0.0,
      "deviation_percent": 0.0,
      "status": "ok"
    }
  ]
}