{
  "merchant_id": 9,
  "merchant_name": "DIVINENODE LIMITED",
  "merchant_group": "SENDS",
  "company_name": "DIVINENODE LIMITED",
  "kam": "Anastasiia Pervushyna",
  "contract_id": "1009-25",
  "transaction_count": 107515,
  "approved_count": 107515,
  "declined_count": 0,
  "acceptance_rate": 100.0,
  "total_amount_eur": 3351515.08,
  "total_commission_eur": 127377.22,
  "sale_count": 107515,
  "sale_amount": 3351515.08,
  "payout_count": 0,
  "payout_amount": 0.0,
  "reversal_count": 0,
  "reversal_amount": 0.0,
  "first_transaction_date": "",
  "partners": [
    "SENDS"
  ],
  "currency_breakdown": [
    {"currency": "EUR", "cnt": 95763, "amount": 2502013.08},
    {"currency": "AUD", "cnt": 11752, "amount": 849502.0}
  ],
  "monthly_reconciliation": {
    "EUR": [
      {"month": "2025-01", "tx_count": 0, "tx_amount": 0, "tx_commission": 0, "tx_effective_rate": 0, "recon_count": null, "recon_amount": null, "recon_commission": null, "recon_rate": null, "contract_rate": 3.8, "amount_diff": null, "deviation_percent": null, "status": "empty"},
      {"month": "2025-02", "tx_count": 0, "tx_amount": 0, "tx_commission": 0, "tx_effective_rate": 0, "recon_count": null, "recon_amount": null, "recon_commission": null, "recon_rate": null, "contract_rate": 3.8, "amount_diff": null, "deviation_percent": null, "status": "empty"},
      {"month": "2025-03", "tx_count": 0, "tx_amount": 0, "tx_commission": 0, "tx_effective_rate": 0, "recon_count": null, "recon_amount": null, "recon_commission": null, "recon_rate": null, "contract_rate": 3.8, "amount_diff": null, "deviation_percent": null, "status": "empty"},
      {"month": "2025-04", "tx_count": 0, "tx_amount": 0, "tx_commission": 0, "tx_effective_rate": 0, "recon_count": null, "recon_amount": null, "recon_commission": null, "recon_rate": null, "contract_rate": 3.8, "amount_diff": null, "deviation_percent": null, "status": "empty"},
      {"month": "2025-05", "tx_count": 0, "tx_amount": 0, "tx_commission": 0, "tx_effective_rate": 0, "recon_count": null, "recon_amount": null, "recon_commission": null, "recon_rate": null, "contract_rate": 3.8, "amount_diff": null, "deviation_percent": null, "status": "empty"},
      {"month": "2025-06", "tx_count": 0, "tx_amount": 0, "tx_commission": 0, "tx_effective_rate": 0, "recon_count": null, "recon_amount": null, "recon_commission": null, "recon_rate": null, "contract_rate": 3.8, "amount_diff": null, "deviation_percent": null, "status": "empty"},
      {"month": "2025-07", "tx_count": 0, "tx_amount": 0, "tx_commission": 0, "tx_effective_rate": 0, "recon_count": null, "recon_amount": null, "recon_commission": null, "recon_rate": null, "contract_rate": 3.8, "amount_diff": null, "deviation_percent": null, "status": "empty"},
      {"month": "2025-08", "tx_count": 0, "tx_amount": 0, "tx_commission": 0, "tx_effective_rate": 0, "recon_count": null, "recon_amount": null, "recon_commission": null, "recon_rate": null, "contract_rate": 3.8, "amount_diff": null, "deviation_percent": null, "status": "empty"},
      {"month": "2025-09", "tx_count": 0, "tx_amount": 0, "tx_commission": 0, "tx_effective_rate": 0, "recon_count": null, "recon_amount": null, "recon_commission": null, "recon_rate": null, "contract_rate": 3.8, "amount_diff": null, "deviation_percent": null, "status": "empty"},
      {"month": "2025-10", "tx_count": 40396, "tx_amount": 1011416.05, "tx_commission": 38442.61, "tx_effective_rate": 3.8, "recon_count": 40396, "recon_amount": 1011416.05, "recon_commission": 38442.61, "recon_rate": 3.8, "contract_rate": 3.8, "amount_diff": 0, "deviation_percent": 0, "status": "ok"},
      {"month": "2025-11", "tx_count": 35938, "tx_amount": 977870.34, "tx_commission": 37166.59, "tx_effective_rate": 3.8, "recon_count": 35938, "recon_amount": 977870.34, "recon_commission": 37166.59, "recon_rate": 3.8, "contract_rate": 3.8, "amount_diff": 0, "deviation_percent": 0, "status": "ok"},
      {"month": "2025-12", "tx_count": 19429, "tx_amount": 512726.69, "tx_commission": 19486.90, "tx_effective_rate": 3.8, "recon_count": 19429, "recon_amount": 512726.69, "recon_commission": 19486.90, "recon_rate": 3.8, "contract_rate": 3.8, "amount_diff": 0, "deviation_percent": 0, "status": "ok"}
    ],
    "AUD": [
      {"month": "2025-01", "tx_count": 0, "tx_amount": 0, "tx_commission": 0, "tx_effective_rate": 0, "recon_count": null, "recon_amount": null, "recon_commission": null, "recon_rate": null, "contract_rate": 3.8, "amount_diff": null, "deviation_percent": null, "status": "empty"},
      {"month": "2025-02", "tx_count": 0, "tx_amount": 0, "tx_commission": 0, "tx_effective_rate": 0, "recon_count": null, "recon_amount": null, "recon_commission": null, "recon_rate": null, "contract_rate": 3.8, "amount_diff": null, "deviation_percent": null, "status": "empty"},
      {"month": "2025-03", "tx_count": 0, "tx_amount": 0, "tx_commission": 0, "tx_effective_rate": 0, "recon_count": null, "recon_amount": null, "recon_commission": null, "recon_rate": null, "contract_rate": 3.8, "amount_diff": null, "deviation_percent": null, "status": "empty"},
      {"month": "2025-04", "tx_count": 0, "tx_amount": 0, "tx_commission": 0, "tx_effective_rate": 0, "recon_count": null, "recon_amount": null, "recon_commission": null, "recon_rate": null, "contract_rate": 3.8, "amount_diff": null, "deviation_percent": null, "status": "empty"},
      {"month": "2025-05", "tx_count": 0, "tx_amount": 0, "tx_commission": 0, "tx_effective_rate": 0, "recon_count": null, "recon_amount": null, "recon_commission": null, "recon_rate": null, "contract_rate": 3.8, "amount_diff": null, "deviation_percent": null, "status": "empty"},
      {"month": "2025-06", "tx_count": 0, "tx_amount": 0, "tx_commission": 0, "tx_effective_rate": 0, "recon_count": null, "recon_amount": null, "recon_commission": null, "recon_rate": null, "contract_rate": 3.8, "amount_diff": null, "deviation_percent": null, "status": "empty"},
      {"month": "2025-07", "tx_count": 0, "tx_amount": 0, "tx_commission": 0, "tx_effective_rate": 0, "recon_count": null, "recon_amount": null, "recon_commission": null, "recon_rate": null, "contract_rate": 3.8, "amount_diff": null, "deviation_percent": null, "status": "empty"},
      {"month": "2025-08", "tx_count": 0, "tx_amount": 0, "tx_commission": 0, "tx_effective_rate": 0, "recon_count": null, "recon_amount": null, "recon_commission": null, "recon_rate": null, "contract_rate": 3.8, "amount_diff": null, "deviation_percent": null, "status": "empty"},
      {"month": "2025-09", "tx_count": 0, "tx_amount": 0, "tx_commission": 0, "tx_effective_rate": 0, "recon_count": null, "recon_amount": null, "recon_commission": null, "recon_rate": null, "contract_rate": 3.8, "amount_diff": null, "deviation_percent": null, "status": "empty"},
      {"month": "2025-10", "tx_count": 0, "tx_amount": 0, "tx_commission": 0, "tx_effective_rate": 0, "recon_count": null, "recon_amount": null, "recon_commission": null, "recon_rate": null, "contract_rate": 3.8, "amount_diff": null, "deviation_percent": null, "status": "empty"},
      {"month": "2025-11", "tx_count": 0, "tx_amount": 0, "tx_commission": 0, "tx_effective_rate": 0, "recon_count": null, "recon_amount": null, "recon_commission": null, "recon_rate": null, "contract_rate": 3.8, "amount_diff": null, "deviation_percent": null, "status": "empty"},
      {"month": "2025-12", "tx_count": 11752, "tx_amount": 849502.0, "tx_commission": 32281.12, "tx_effective_rate": 3.8, "recon_count": 11752, "recon_amount": 849502.0, "recon_commission": 32281.12, "recon_rate": 3.8, "contract_rate": 3.8, "amount_diff": 0, "deviation_percent": 0, "status": "ok"}
    ]
  }
}